2025-02-18 14:33:34 - Image captured and saved to /home/cansat-stu/cansat/Camera/img_20250218-143333.jpg.
2025-02-18 14:33:34 - Threshold processed image saved to /home/cansat-stu/cansat/Camera/threshold_img_20250218-143333.jpg.
2025-02-18 14:33:34 - Left: 4.48% greenless area
2025-02-18 14:33:34 - Center: 1.30% greenless area
2025-02-18 14:33:34 - Right: 5.12% greenless area
2025-02-18 14:33:34 - Most greenless section: Right
2025-02-18 14:33:35 - Image captured and saved to /home/cansat-stu/cansat/Camera/img_20250218-143334.jpg.
2025-02-18 14:33:35 - Threshold processed image saved to /home/cansat-stu/cansat/Camera/threshold_img_20250218-143334.jpg.
2025-02-18 14:33:35 - Left: 3.09% greenless area
2025-02-18 14:33:35 - Center: 0.64% greenless area
2025-02-18 14:33:35 - Right: 63.39% greenless area
2025-02-18 14:33:35 - Most greenless section: Right
2025-02-18 14:33:35 - Image captured and saved to /home/cansat-stu/cansat/Camera/img_20250218-143335.jpg.
2025-02-18 14:33:35 - Threshold processed image saved to /home/cansat-stu/cansat/Camera/threshold_img_20250218-143335.jpg.
2025-02-18 14:33:35 - Left: 0.88% greenless area
2025-02-18 14:33:35 - Center: 7.24% greenless area
2025-02-18 14:33:35 - Right: 10.42% greenless area
2025-02-18 14:33:35 - Most greenless section: Right
2025-02-18 14:33:36 - Image captured and saved to /home/cansat-stu/cansat/Camera/img_20250218-143336.jpg.
2025-02-18 14:33:36 - Threshold processed image saved to /home/cansat-stu/cansat/Camera/threshold_img_20250218-143336.jpg.
2025-02-18 14:33:36 - Left: 1.09% greenless area
2025-02-18 14:33:36 - Center: 0.94% greenless area
2025-02-18 14:33:36 - Right: 4.09% greenless area
2025-02-18 14:33:36 - Most greenless section: Right
2025-02-18 14:33:36 - Image captured and saved to /home/cansat-stu/cansat/Camera/img_20250218-143336.jpg.
2025-02-18 14:33:36 - Threshold processed image saved to /home/cansat-stu/cansat/Camera/threshold_img_20250218-143336.jpg.
2025-02-18 14:33:36 - Left: 23.24% greenless area
2025-02-18 14:33:36 - Center: 2.24% greenless area
2025-02-18 14:33:36 - Right: 0.06% greenless area
2025-02-18 14:33:36 - Most greenless section: Left
2025-02-18 14:33:37 - Image captured and saved to /home/cansat-stu/cansat/Camera/img_20250218-143337.jpg.
2025-02-18 14:33:37 - Threshold processed image saved to /home/cansat-stu/cansat/Camera/threshold_img_20250218-143337.jpg.
2025-02-18 14:33:37 - Left: 0.00% greenless area
2025-02-18 14:33:37 - Center: 0.00% greenless area
2025-02-18 14:33:37 - Right: 0.00% greenless area
2025-02-18 14:33:37 - Most greenless section: Left
2025-02-18 14:33:37 - Image captured and saved to /home/cansat-stu/cansat/Camera/img_20250218-143337.jpg.
2025-02-18 14:33:37 - Threshold processed image saved to /home/cansat-stu/cansat/Camera/threshold_img_20250218-143337.jpg.
2025-02-18 14:33:37 - Left: 0.09% greenless area
2025-02-18 14:33:37 - Center: 0.58% greenless area
2025-02-18 14:33:37 - Right: 4.24% greenless area
2025-02-18 14:33:37 - Most greenless section: Right
2025-02-18 14:33:38 - Image captured and saved to /home/cansat-stu/cansat/Camera/img_20250218-143338.jpg.
2025-02-18 14:33:38 - Threshold processed image saved to /home/cansat-stu/cansat/Camera/threshold_img_20250218-143338.jpg.
2025-02-18 14:33:38 - Left: 3.36% greenless area
2025-02-18 14:33:38 - Center: 0.73% greenless area
2025-02-18 14:33:38 - Right: 1.12% greenless area
2025-02-18 14:33:38 - Most greenless section: Left
2025-02-18 14:33:38 - Image captured and saved to /home/cansat-stu/cansat/Camera/img_20250218-143338.jpg.
2025-02-18 14:33:38 - Threshold processed image saved to /home/cansat-stu/cansat/Camera/threshold_img_20250218-143338.jpg.
2025-02-18 14:33:38 - Left: 0.09% greenless area
2025-02-18 14:33:38 - Center: 0.76% greenless area
2025-02-18 14:33:38 - Right: 4.24% greenless area
2025-02-18 14:33:38 - Most greenless section: Right
2025-02-18 14:33:39 - Image captured and saved to /home/cansat-stu/cansat/Camera/img_20250218-143339.jpg.
2025-02-18 14:33:39 - Threshold processed image saved to /home/cansat-stu/cansat/Camera/threshold_img_20250218-143339.jpg.
2025-02-18 14:33:39 - Left: 2.18% greenless area
2025-02-18 14:33:39 - Center: 0.97% greenless area
2025-02-18 14:33:39 - Right: 1.15% greenless area
2025-02-18 14:33:39 - Most greenless section: Left
2025-02-18 14:33:40 - Image captured and saved to /home/cansat-stu/cansat/Camera/img_20250218-143339.jpg.
2025-02-18 14:33:40 - Threshold processed image saved to /home/cansat-stu/cansat/Camera/threshold_img_20250218-143339.jpg.
2025-02-18 14:33:40 - Left: 0.97% greenless area
2025-02-18 14:33:40 - Center: 3.12% greenless area
2025-02-18 14:33:40 - Right: 0.42% greenless area
2025-02-18 14:33:40 - Most greenless section: Center
2025-02-18 14:33:42 - Image captured and saved to /home/cansat-stu/cansat/Camera/img_20250218-143342.jpg.
2025-02-18 14:33:42 - Threshold processed image saved to /home/cansat-stu/cansat/Camera/threshold_img_20250218-143342.jpg.
2025-02-18 14:33:42 - Left: 2.30% greenless area
2025-02-18 14:33:42 - Center: 6.42% greenless area
2025-02-18 14:33:42 - Right: 75.94% greenless area
2025-02-18 14:33:42 - Most greenless section: Right
2025-02-18 14:33:43 - Image captured and saved to /home/cansat-stu/cansat/Camera/img_20250218-143343.jpg.
2025-02-18 14:33:43 - Threshold processed image saved to /home/cansat-stu/cansat/Camera/threshold_img_20250218-143343.jpg.
2025-02-18 14:33:43 - Left: 0.36% greenless area
2025-02-18 14:33:43 - Center: 0.52% greenless area
2025-02-18 14:33:43 - Right: 0.03% greenless area
2025-02-18 14:33:43 - Most greenless section: Center
2025-02-18 14:33:45 - Image captured and saved to /home/cansat-stu/cansat/Camera/img_20250218-143345.jpg.
2025-02-18 14:33:45 - Threshold processed image saved to /home/cansat-stu/cansat/Camera/threshold_img_20250218-143345.jpg.
2025-02-18 14:33:45 - Left: 0.00% greenless area
2025-02-18 14:33:45 - Center: 0.00% greenless area
2025-02-18 14:33:45 - Right: 0.00% greenless area
2025-02-18 14:33:45 - Most greenless section: Left
2025-02-18 14:33:46 - Image captured and saved to /home/cansat-stu/cansat/Camera/img_20250218-143346.jpg.
2025-02-18 14:33:46 - Threshold processed image saved to /home/cansat-stu/cansat/Camera/threshold_img_20250218-143346.jpg.
2025-02-18 14:33:46 - Left: 0.00% greenless area
2025-02-18 14:33:46 - Center: 0.00% greenless area
2025-02-18 14:33:46 - Right: 0.06% greenless area
2025-02-18 14:33:46 - Most greenless section: Right
2025-02-18 14:33:46 - Image captured and saved to /home/cansat-stu/cansat/Camera/img_20250218-143346.jpg.
2025-02-18 14:33:46 - Threshold processed image saved to /home/cansat-stu/cansat/Camera/threshold_img_20250218-143346.jpg.
2025-02-18 14:33:46 - Left: 0.00% greenless area
2025-02-18 14:33:46 - Center: 0.00% greenless area
2025-02-18 14:33:46 - Right: 0.00% greenless area
2025-02-18 14:33:46 - Most greenless section: Left
2025-02-18 14:33:47 - Image captured and saved to /home/cansat-stu/cansat/Camera/img_20250218-143347.jpg.
2025-02-18 14:33:47 - Threshold processed image saved to /home/cansat-stu/cansat/Camera/threshold_img_20250218-143347.jpg.
2025-02-18 14:33:47 - Left: 42.91% greenless area
2025-02-18 14:33:47 - Center: 87.21% greenless area
2025-02-18 14:33:47 - Right: 100.24% greenless area
2025-02-18 14:33:47 - Most greenless section: Right
2025-02-18 14:33:48 - Image captured and saved to /home/cansat-stu/cansat/Camera/img_20250218-143348.jpg.
2025-02-18 14:33:48 - Threshold processed image saved to /home/cansat-stu/cansat/Camera/threshold_img_20250218-143348.jpg.
2025-02-18 14:33:48 - Left: 0.03% greenless area
2025-02-18 14:33:48 - Center: 0.00% greenless area
2025-02-18 14:33:48 - Right: 0.00% greenless area
2025-02-18 14:33:48 - Most greenless section: Left
2025-02-18 14:33:48 - Image captured and saved to /home/cansat-stu/cansat/Camera/img_20250218-143348.jpg.
2025-02-18 14:33:48 - Threshold processed image saved to /home/cansat-stu/cansat/Camera/threshold_img_20250218-143348.jpg.
2025-02-18 14:33:48 - Left: 4.52% greenless area
2025-02-18 14:33:48 - Center: 44.61% greenless area
2025-02-18 14:33:48 - Right: 98.00% greenless area
2025-02-18 14:33:48 - Most greenless section: Right
2025-02-18 14:33:49 - Image captured and saved to /home/cansat-stu/cansat/Camera/img_20250218-143349.jpg.
2025-02-18 14:33:49 - Threshold processed image saved to /home/cansat-stu/cansat/Camera/threshold_img_20250218-143349.jpg.
2025-02-18 14:33:49 - Left: 2.48% greenless area
2025-02-18 14:33:49 - Center: 0.00% greenless area
2025-02-18 14:33:49 - Right: 0.09% greenless area
2025-02-18 14:33:49 - Most greenless section: Left
2025-02-18 14:33:49 - Image captured and saved to /home/cansat-stu/cansat/Camera/img_20250218-143349.jpg.
2025-02-18 14:33:49 - Threshold processed image saved to /home/cansat-stu/cansat/Camera/threshold_img_20250218-143349.jpg.
2025-02-18 14:33:49 - Left: 45.15% greenless area
2025-02-18 14:33:49 - Center: 92.73% greenless area
2025-02-18 14:33:49 - Right: 94.06% greenless area
2025-02-18 14:33:49 - Most greenless section: Right
2025-02-18 14:33:50 - Image captured and saved to /home/cansat-stu/cansat/Camera/img_20250218-143350.jpg.
2025-02-18 14:33:50 - Threshold processed image saved to /home/cansat-stu/cansat/Camera/threshold_img_20250218-143350.jpg.
2025-02-18 14:33:50 - Left: 1.24% greenless area
2025-02-18 14:33:50 - Center: 0.00% greenless area
2025-02-18 14:33:50 - Right: 0.21% greenless area
2025-02-18 14:33:50 - Most greenless section: Left
2025-02-18 14:33:50 - Image captured and saved to /home/cansat-stu/cansat/Camera/img_20250218-143350.jpg.
2025-02-18 14:33:50 - Threshold processed image saved to /home/cansat-stu/cansat/Camera/threshold_img_20250218-143350.jpg.
2025-02-18 14:33:50 - Left: 40.39% greenless area
2025-02-18 14:33:50 - Center: 94.76% greenless area
2025-02-18 14:33:50 - Right: 64.91% greenless area
2025-02-18 14:33:50 - Most greenless section: Center
2025-02-18 14:33:53 - Image captured and saved to /home/cansat-stu/cansat/Camera/img_20250218-143353.jpg.
2025-02-18 14:33:53 - Threshold processed image saved to /home/cansat-stu/cansat/Camera/threshold_img_20250218-143353.jpg.
2025-02-18 14:33:53 - Left: 42.24% greenless area
2025-02-18 14:33:53 - Center: 9.67% greenless area
2025-02-18 14:33:53 - Right: 3.61% greenless area
2025-02-18 14:33:53 - Most greenless section: Left
2025-02-18 14:33:54 - Image captured and saved to /home/cansat-stu/cansat/Camera/img_20250218-143354.jpg.
2025-02-18 14:33:54 - Threshold processed image saved to /home/cansat-stu/cansat/Camera/threshold_img_20250218-143354.jpg.
2025-02-18 14:33:54 - Left: 0.09% greenless area
2025-02-18 14:33:54 - Center: 0.00% greenless area
2025-02-18 14:33:54 - Right: 0.00% greenless area
2025-02-18 14:33:54 - Most greenless section: Left
2025-02-18 14:33:54 - Image captured and saved to /home/cansat-stu/cansat/Camera/img_20250218-143354.jpg.
2025-02-18 14:33:54 - Threshold processed image saved to /home/cansat-stu/cansat/Camera/threshold_img_20250218-143354.jpg.
2025-02-18 14:33:54 - Left: 4.97% greenless area
2025-02-18 14:33:54 - Center: 0.06% greenless area
2025-02-18 14:33:54 - Right: 23.33% greenless area
2025-02-18 14:33:54 - Most greenless section: Right
2025-02-18 14:33:55 - Image captured and saved to /home/cansat-stu/cansat/Camera/img_20250218-143355.jpg.
2025-02-18 14:33:55 - Threshold processed image saved to /home/cansat-stu/cansat/Camera/threshold_img_20250218-143355.jpg.
2025-02-18 14:33:55 - Left: 5.61% greenless area
2025-02-18 14:33:55 - Center: 1.52% greenless area
2025-02-18 14:33:55 - Right: 3.06% greenless area
2025-02-18 14:33:55 - Most greenless section: Left
2025-02-18 14:33:55 - Image captured and saved to /home/cansat-stu/cansat/Camera/img_20250218-143355.jpg.
2025-02-18 14:33:55 - Threshold processed image saved to /home/cansat-stu/cansat/Camera/threshold_img_20250218-143355.jpg.
2025-02-18 14:33:55 - Left: 4.61% greenless area
2025-02-18 14:33:55 - Center: 20.88% greenless area
2025-02-18 14:33:55 - Right: 8.18% greenless area
2025-02-18 14:33:55 - Most greenless section: Center
2025-02-18 14:33:57 - Image captured and saved to /home/cansat-stu/cansat/Camera/img_20250218-143357.jpg.
2025-02-18 14:33:57 - Threshold processed image saved to /home/cansat-stu/cansat/Camera/threshold_img_20250218-143357.jpg.
2025-02-18 14:33:57 - Left: 1.94% greenless area
2025-02-18 14:33:57 - Center: 2.30% greenless area
2025-02-18 14:33:57 - Right: 2.39% greenless area
2025-02-18 14:33:57 - Most greenless section: Right
2025-02-18 14:33:57 - Image captured and saved to /home/cansat-stu/cansat/Camera/img_20250218-143357.jpg.
2025-02-18 14:33:57 - Threshold processed image saved to /home/cansat-stu/cansat/Camera/threshold_img_20250218-143357.jpg.
2025-02-18 14:33:57 - Left: 8.48% greenless area
2025-02-18 14:33:57 - Center: 4.00% greenless area
2025-02-18 14:33:57 - Right: 13.12% greenless area
2025-02-18 14:33:57 - Most greenless section: Right
2025-02-18 14:33:58 - Image captured and saved to /home/cansat-stu/cansat/Camera/img_20250218-143358.jpg.
2025-02-18 14:33:58 - Threshold processed image saved to /home/cansat-stu/cansat/Camera/threshold_img_20250218-143358.jpg.
2025-02-18 14:33:58 - Left: 7.85% greenless area
2025-02-18 14:33:58 - Center: 0.76% greenless area
2025-02-18 14:33:58 - Right: 3.73% greenless area
2025-02-18 14:33:58 - Most greenless section: Left
2025-02-18 14:33:58 - Image captured and saved to /home/cansat-stu/cansat/Camera/img_20250218-143358.jpg.
2025-02-18 14:33:58 - Threshold processed image saved to /home/cansat-stu/cansat/Camera/threshold_img_20250218-143358.jpg.
2025-02-18 14:33:58 - Left: 4.21% greenless area
2025-02-18 14:33:58 - Center: 2.21% greenless area
2025-02-18 14:33:58 - Right: 1.52% greenless area
2025-02-18 14:33:58 - Most greenless section: Left
2025-02-18 14:33:59 - Image captured and saved to /home/cansat-stu/cansat/Camera/img_20250218-143359.jpg.
2025-02-18 14:33:59 - Threshold processed image saved to /home/cansat-stu/cansat/Camera/threshold_img_20250218-143359.jpg.
2025-02-18 14:33:59 - Left: 2.94% greenless area
2025-02-18 14:33:59 - Center: 0.30% greenless area
2025-02-18 14:33:59 - Right: 1.27% greenless area
2025-02-18 14:33:59 - Most greenless section: Left
2025-02-18 14:34:00 - Image captured and saved to /home/cansat-stu/cansat/Camera/img_20250218-143400.jpg.
2025-02-18 14:34:00 - Threshold processed image saved to /home/cansat-stu/cansat/Camera/threshold_img_20250218-143400.jpg.
2025-02-18 14:34:00 - Left: 11.67% greenless area
2025-02-18 14:34:00 - Center: 7.70% greenless area
2025-02-18 14:34:00 - Right: 7.18% greenless area
2025-02-18 14:34:00 - Most greenless section: Left
2025-02-18 14:34:00 - Image captured and saved to /home/cansat-stu/cansat/Camera/img_20250218-143400.jpg.
2025-02-18 14:34:00 - Threshold processed image saved to /home/cansat-stu/cansat/Camera/threshold_img_20250218-143400.jpg.
2025-02-18 14:34:00 - Left: 7.03% greenless area
2025-02-18 14:34:00 - Center: 1.39% greenless area
2025-02-18 14:34:00 - Right: 1.06% greenless area
2025-02-18 14:34:00 - Most greenless section: Left
2025-02-18 14:34:01 - Image captured and saved to /home/cansat-stu/cansat/Camera/img_20250218-143401.jpg.
2025-02-18 14:34:01 - Threshold processed image saved to /home/cansat-stu/cansat/Camera/threshold_img_20250218-143401.jpg.
2025-02-18 14:34:01 - Left: 4.64% greenless area
2025-02-18 14:34:01 - Center: 3.91% greenless area
2025-02-18 14:34:01 - Right: 0.58% greenless area
2025-02-18 14:34:01 - Most greenless section: Left
2025-02-18 14:34:01 - Image captured and saved to /home/cansat-stu/cansat/Camera/img_20250218-143401.jpg.
2025-02-18 14:34:01 - Threshold processed image saved to /home/cansat-stu/cansat/Camera/threshold_img_20250218-143401.jpg.
2025-02-18 14:34:01 - Left: 21.61% greenless area
2025-02-18 14:34:01 - Center: 20.06% greenless area
2025-02-18 14:34:01 - Right: 17.70% greenless area
2025-02-18 14:34:01 - Most greenless section: Left
2025-02-18 14:34:02 - Image captured and saved to /home/cansat-stu/cansat/Camera/img_20250218-143402.jpg.
2025-02-18 14:34:02 - Threshold processed image saved to /home/cansat-stu/cansat/Camera/threshold_img_20250218-143402.jpg.
2025-02-18 14:34:02 - Left: 6.88% greenless area
2025-02-18 14:34:02 - Center: 2.39% greenless area
2025-02-18 14:34:02 - Right: 8.61% greenless area
2025-02-18 14:34:02 - Most greenless section: Right
2025-02-18 14:34:02 - Image captured and saved to /home/cansat-stu/cansat/Camera/img_20250218-143402.jpg.
2025-02-18 14:34:02 - Threshold processed image saved to /home/cansat-stu/cansat/Camera/threshold_img_20250218-143402.jpg.
2025-02-18 14:34:02 - Left: 3.85% greenless area
2025-02-18 14:34:02 - Center: 2.97% greenless area
2025-02-18 14:34:02 - Right: 2.42% greenless area
2025-02-18 14:34:02 - Most greenless section: Left
2025-02-18 14:34:03 - Image captured and saved to /home/cansat-stu/cansat/Camera/img_20250218-143403.jpg.
2025-02-18 14:34:03 - Threshold processed image saved to /home/cansat-stu/cansat/Camera/threshold_img_20250218-143403.jpg.
2025-02-18 14:34:03 - Left: 11.79% greenless area
2025-02-18 14:34:03 - Center: 3.67% greenless area
2025-02-18 14:34:03 - Right: 5.06% greenless area
2025-02-18 14:34:03 - Most greenless section: Left
2025-02-18 14:34:03 - Image captured and saved to /home/cansat-stu/cansat/Camera/img_20250218-143403.jpg.
2025-02-18 14:34:03 - Threshold processed image saved to /home/cansat-stu/cansat/Camera/threshold_img_20250218-143403.jpg.
2025-02-18 14:34:03 - Left: 11.27% greenless area
2025-02-18 14:34:03 - Center: 1.12% greenless area
2025-02-18 14:34:03 - Right: 6.03% greenless area
2025-02-18 14:34:03 - Most greenless section: Left
2025-02-18 14:34:04 - Image captured and saved to /home/cansat-stu/cansat/Camera/img_20250218-143404.jpg.
2025-02-18 14:34:04 - Threshold processed image saved to /home/cansat-stu/cansat/Camera/threshold_img_20250218-143404.jpg.
2025-02-18 14:34:04 - Left: 9.82% greenless area
2025-02-18 14:34:04 - Center: 20.85% greenless area
2025-02-18 14:34:04 - Right: 23.39% greenless area
2025-02-18 14:34:04 - Most greenless section: Right
2025-02-18 14:34:05 - Image captured and saved to /home/cansat-stu/cansat/Camera/img_20250218-143405.jpg.
2025-02-18 14:34:05 - Threshold processed image saved to /home/cansat-stu/cansat/Camera/threshold_img_20250218-143405.jpg.
2025-02-18 14:34:05 - Left: 4.09% greenless area
2025-02-18 14:34:05 - Center: 0.15% greenless area
2025-02-18 14:34:05 - Right: 1.24% greenless area
2025-02-18 14:34:05 - Most greenless section: Left
2025-02-18 14:34:05 - Image captured and saved to /home/cansat-stu/cansat/Camera/img_20250218-143405.jpg.
2025-02-18 14:34:05 - Threshold processed image saved to /home/cansat-stu/cansat/Camera/threshold_img_20250218-143405.jpg.
2025-02-18 14:34:05 - Left: 32.00% greenless area
2025-02-18 14:34:05 - Center: 15.52% greenless area
2025-02-18 14:34:05 - Right: 35.27% greenless area
2025-02-18 14:34:05 - Most greenless section: Right
2025-02-18 14:34:06 - Image captured and saved to /home/cansat-stu/cansat/Camera/img_20250218-143406.jpg.
2025-02-18 14:34:06 - Threshold processed image saved to /home/cansat-stu/cansat/Camera/threshold_img_20250218-143406.jpg.
2025-02-18 14:34:06 - Left: 3.94% greenless area
2025-02-18 14:34:06 - Center: 0.21% greenless area
2025-02-18 14:34:06 - Right: 0.85% greenless area
2025-02-18 14:34:06 - Most greenless section: Left
2025-02-18 14:34:06 - Image captured and saved to /home/cansat-stu/cansat/Camera/img_20250218-143406.jpg.
2025-02-18 14:34:06 - Threshold processed image saved to /home/cansat-stu/cansat/Camera/threshold_img_20250218-143406.jpg.
2025-02-18 14:34:06 - Left: 31.45% greenless area
2025-02-18 14:34:06 - Center: 15.55% greenless area
2025-02-18 14:34:06 - Right: 31.70% greenless area
2025-02-18 14:34:06 - Most greenless section: Right
2025-02-18 14:34:07 - Image captured and saved to /home/cansat-stu/cansat/Camera/img_20250218-143407.jpg.
2025-02-18 14:34:07 - Threshold processed image saved to /home/cansat-stu/cansat/Camera/threshold_img_20250218-143407.jpg.
2025-02-18 14:34:07 - Left: 2.58% greenless area
2025-02-18 14:34:07 - Center: 0.42% greenless area
2025-02-18 14:34:07 - Right: 0.33% greenless area
2025-02-18 14:34:07 - Most greenless section: Left
2025-02-18 14:34:07 - Image captured and saved to /home/cansat-stu/cansat/Camera/img_20250218-143407.jpg.
2025-02-18 14:34:07 - Threshold processed image saved to /home/cansat-stu/cansat/Camera/threshold_img_20250218-143407.jpg.
2025-02-18 14:34:07 - Left: 21.97% greenless area
2025-02-18 14:34:07 - Center: 24.39% greenless area
2025-02-18 14:34:07 - Right: 34.82% greenless area
2025-02-18 14:34:07 - Most greenless section: Right
2025-02-18 14:34:08 - Image captured and saved to /home/cansat-stu/cansat/Camera/img_20250218-143408.jpg.
2025-02-18 14:34:08 - Threshold processed image saved to /home/cansat-stu/cansat/Camera/threshold_img_20250218-143408.jpg.
2025-02-18 14:34:08 - Left: 4.48% greenless area
2025-02-18 14:34:08 - Center: 0.06% greenless area
2025-02-18 14:34:08 - Right: 1.15% greenless area
2025-02-18 14:34:08 - Most greenless section: Left
2025-02-18 14:34:08 - Image captured and saved to /home/cansat-stu/cansat/Camera/img_20250218-143408.jpg.
2025-02-18 14:34:08 - Threshold processed image saved to /home/cansat-stu/cansat/Camera/threshold_img_20250218-143408.jpg.
2025-02-18 14:34:08 - Left: 28.21% greenless area
2025-02-18 14:34:08 - Center: 17.45% greenless area
2025-02-18 14:34:08 - Right: 36.82% greenless area
2025-02-18 14:34:08 - Most greenless section: Right
2025-02-18 14:34:09 - Image captured and saved to /home/cansat-stu/cansat/Camera/img_20250218-143409.jpg.
2025-02-18 14:34:09 - Threshold processed image saved to /home/cansat-stu/cansat/Camera/threshold_img_20250218-143409.jpg.
2025-02-18 14:34:09 - Left: 4.24% greenless area
2025-02-18 14:34:09 - Center: 0.03% greenless area
2025-02-18 14:34:09 - Right: 0.73% greenless area
2025-02-18 14:34:09 - Most greenless section: Left
2025-02-18 14:34:10 - Image captured and saved to /home/cansat-stu/cansat/Camera/img_20250218-143410.jpg.
2025-02-18 14:34:10 - Threshold processed image saved to /home/cansat-stu/cansat/Camera/threshold_img_20250218-143410.jpg.
2025-02-18 14:34:10 - Left: 30.88% greenless area
2025-02-18 14:34:10 - Center: 14.70% greenless area
2025-02-18 14:34:10 - Right: 29.79% greenless area
2025-02-18 14:34:10 - Most greenless section: Left
2025-02-18 14:34:10 - Image captured and saved to /home/cansat-stu/cansat/Camera/img_20250218-143410.jpg.
2025-02-18 14:34:10 - Threshold processed image saved to /home/cansat-stu/cansat/Camera/threshold_img_20250218-143410.jpg.
2025-02-18 14:34:10 - Left: 5.06% greenless area
2025-02-18 14:34:10 - Center: 0.00% greenless area
2025-02-18 14:34:10 - Right: 0.30% greenless area
2025-02-18 14:34:10 - Most greenless section: Left
2025-02-18 14:34:11 - Image captured and saved to /home/cansat-stu/cansat/Camera/img_20250218-143411.jpg.
2025-02-18 14:34:11 - Threshold processed image saved to /home/cansat-stu/cansat/Camera/threshold_img_20250218-143411.jpg.
2025-02-18 14:34:11 - Left: 4.97% greenless area
2025-02-18 14:34:11 - Center: 0.70% greenless area
2025-02-18 14:34:11 - Right: 0.00% greenless area
2025-02-18 14:34:11 - Most greenless section: Left
2025-02-18 14:34:11 - Image captured and saved to /home/cansat-stu/cansat/Camera/img_20250218-143411.jpg.
2025-02-18 14:34:11 - Threshold processed image saved to /home/cansat-stu/cansat/Camera/threshold_img_20250218-143411.jpg.
2025-02-18 14:34:11 - Left: 5.97% greenless area
2025-02-18 14:34:11 - Center: 3.58% greenless area
2025-02-18 14:34:11 - Right: 5.42% greenless area
2025-02-18 14:34:11 - Most greenless section: Left
2025-02-18 14:34:12 - Image captured and saved to /home/cansat-stu/cansat/Camera/img_20250218-143412.jpg.
2025-02-18 14:34:12 - Threshold processed image saved to /home/cansat-stu/cansat/Camera/threshold_img_20250218-143412.jpg.
2025-02-18 14:34:12 - Left: 12.76% greenless area
2025-02-18 14:34:12 - Center: 21.79% greenless area
2025-02-18 14:34:12 - Right: 26.48% greenless area
2025-02-18 14:34:12 - Most greenless section: Right
2025-02-18 14:34:12 - Image captured and saved to /home/cansat-stu/cansat/Camera/img_20250218-143412.jpg.
2025-02-18 14:34:12 - Threshold processed image saved to /home/cansat-stu/cansat/Camera/threshold_img_20250218-143412.jpg.
2025-02-18 14:34:12 - Left: 5.58% greenless area
2025-02-18 14:34:12 - Center: 0.36% greenless area
2025-02-18 14:34:12 - Right: 1.12% greenless area
2025-02-18 14:34:12 - Most greenless section: Left
2025-02-18 14:34:13 - Image captured and saved to /home/cansat-stu/cansat/Camera/img_20250218-143413.jpg.
2025-02-18 14:34:13 - Threshold processed image saved to /home/cansat-stu/cansat/Camera/threshold_img_20250218-143413.jpg.
2025-02-18 14:34:13 - Left: 27.52% greenless area
2025-02-18 14:34:13 - Center: 11.88% greenless area
2025-02-18 14:34:13 - Right: 23.85% greenless area
2025-02-18 14:34:13 - Most greenless section: Left
2025-02-18 14:34:14 - Image captured and saved to /home/cansat-stu/cansat/Camera/img_20250218-143413.jpg.
2025-02-18 14:34:14 - Threshold processed image saved to /home/cansat-stu/cansat/Camera/threshold_img_20250218-143413.jpg.
2025-02-18 14:34:14 - Left: 7.39% greenless area
2025-02-18 14:34:14 - Center: 1.55% greenless area
2025-02-18 14:34:14 - Right: 1.55% greenless area
2025-02-18 14:34:14 - Most greenless section: Left
2025-02-18 14:34:14 - Image captured and saved to /home/cansat-stu/cansat/Camera/img_20250218-143414.jpg.
2025-02-18 14:34:14 - Threshold processed image saved to /home/cansat-stu/cansat/Camera/threshold_img_20250218-143414.jpg.
2025-02-18 14:34:14 - Left: 3.94% greenless area
2025-02-18 14:34:14 - Center: 2.61% greenless area
2025-02-18 14:34:14 - Right: 1.42% greenless area
2025-02-18 14:34:14 - Most greenless section: Left
2025-02-18 14:34:15 - Image captured and saved to /home/cansat-stu/cansat/Camera/img_20250218-143415.jpg.
2025-02-18 14:34:15 - Threshold processed image saved to /home/cansat-stu/cansat/Camera/threshold_img_20250218-143415.jpg.
2025-02-18 14:34:15 - Left: 8.97% greenless area
2025-02-18 14:34:15 - Center: 3.30% greenless area
2025-02-18 14:34:15 - Right: 5.03% greenless area
2025-02-18 14:34:15 - Most greenless section: Left
2025-02-18 14:34:15 - Image captured and saved to /home/cansat-stu/cansat/Camera/img_20250218-143415.jpg.
2025-02-18 14:34:15 - Threshold processed image saved to /home/cansat-stu/cansat/Camera/threshold_img_20250218-143415.jpg.
2025-02-18 14:34:15 - Left: 13.61% greenless area
2025-02-18 14:34:15 - Center: 17.42% greenless area
2025-02-18 14:34:15 - Right: 28.00% greenless area
2025-02-18 14:34:15 - Most greenless section: Right
2025-02-18 14:34:16 - Image captured and saved to /home/cansat-stu/cansat/Camera/img_20250218-143416.jpg.
2025-02-18 14:34:16 - Threshold processed image saved to /home/cansat-stu/cansat/Camera/threshold_img_20250218-143416.jpg.
2025-02-18 14:34:16 - Left: 1.09% greenless area
2025-02-18 14:34:16 - Center: 1.58% greenless area
2025-02-18 14:34:16 - Right: 0.27% greenless area
2025-02-18 14:34:16 - Most greenless section: Center
2025-02-18 14:34:17 - Image captured and saved to /home/cansat-stu/cansat/Camera/img_20250218-143417.jpg.
2025-02-18 14:34:17 - Threshold processed image saved to /home/cansat-stu/cansat/Camera/threshold_img_20250218-143417.jpg.
2025-02-18 14:34:17 - Left: 1.12% greenless area
2025-02-18 14:34:17 - Center: 3.21% greenless area
2025-02-18 14:34:17 - Right: 9.61% greenless area
2025-02-18 14:34:17 - Most greenless section: Right
2025-02-18 14:34:18 - Image captured and saved to /home/cansat-stu/cansat/Camera/img_20250218-143418.jpg.
2025-02-18 14:34:18 - Threshold processed image saved to /home/cansat-stu/cansat/Camera/threshold_img_20250218-143418.jpg.
2025-02-18 14:34:18 - Left: 12.61% greenless area
2025-02-18 14:34:18 - Center: 2.12% greenless area
2025-02-18 14:34:18 - Right: 6.82% greenless area
2025-02-18 14:34:18 - Most greenless section: Left
2025-02-18 14:34:18 - Image captured and saved to /home/cansat-stu/cansat/Camera/img_20250218-143418.jpg.
2025-02-18 14:34:18 - Threshold processed image saved to /home/cansat-stu/cansat/Camera/threshold_img_20250218-143418.jpg.
2025-02-18 14:34:18 - Left: 3.33% greenless area
2025-02-18 14:34:18 - Center: 0.03% greenless area
2025-02-18 14:34:18 - Right: 13.73% greenless area
2025-02-18 14:34:18 - Most greenless section: Right
2025-02-18 14:34:19 - Image captured and saved to /home/cansat-stu/cansat/Camera/img_20250218-143419.jpg.
2025-02-18 14:34:19 - Threshold processed image saved to /home/cansat-stu/cansat/Camera/threshold_img_20250218-143419.jpg.
2025-02-18 14:34:19 - Left: 16.79% greenless area
2025-02-18 14:34:19 - Center: 3.15% greenless area
2025-02-18 14:34:19 - Right: 7.00% greenless area
2025-02-18 14:34:19 - Most greenless section: Left
2025-02-18 14:34:20 - Image captured and saved to /home/cansat-stu/cansat/Camera/img_20250218-143420.jpg.
2025-02-18 14:34:20 - Threshold processed image saved to /home/cansat-stu/cansat/Camera/threshold_img_20250218-143420.jpg.
2025-02-18 14:34:20 - Left: 1.27% greenless area
2025-02-18 14:34:20 - Center: 10.67% greenless area
2025-02-18 14:34:20 - Right: 5.91% greenless area
2025-02-18 14:34:20 - Most greenless section: Center
2025-02-18 14:34:22 - Image captured and saved to /home/cansat-stu/cansat/Camera/img_20250218-143422.jpg.
2025-02-18 14:34:22 - Threshold processed image saved to /home/cansat-stu/cansat/Camera/threshold_img_20250218-143422.jpg.
2025-02-18 14:34:22 - Left: 0.15% greenless area
2025-02-18 14:34:22 - Center: 0.24% greenless area
2025-02-18 14:34:22 - Right: 0.24% greenless area
2025-02-18 14:34:22 - Most greenless section: Center
2025-02-18 14:52:18 - Image captured and saved to /home/cansat-stu/cansat/Camera/img_20250218-145217.jpg.
2025-02-18 14:52:18 - Threshold processed image saved to /home/cansat-stu/cansat/Camera/threshold_img_20250218-145217.jpg.
2025-02-18 14:52:18 - Left: 0.00% red area
2025-02-18 14:52:18 - Center: 1.48% red area
2025-02-18 14:52:18 - Right: 0.00% red area
2025-02-18 14:52:18 - Most red section: Center
2025-02-18 14:52:19 - Image captured and saved to /home/cansat-stu/cansat/Camera/img_20250218-145218.jpg.
2025-02-18 14:52:20 - Threshold processed image saved to /home/cansat-stu/cansat/Camera/threshold_img_20250218-145218.jpg.
2025-02-18 14:52:20 - Left: 0.00% red area
2025-02-18 14:52:20 - Center: 0.70% red area
2025-02-18 14:52:20 - Right: 0.00% red area
2025-02-18 14:52:20 - Most red section: Center
2025-02-18 14:52:21 - Image captured and saved to /home/cansat-stu/cansat/Camera/img_20250218-145220.jpg.
2025-02-18 14:52:21 - Threshold processed image saved to /home/cansat-stu/cansat/Camera/threshold_img_20250218-145220.jpg.
2025-02-18 14:52:21 - Left: 0.00% red area
2025-02-18 14:52:21 - Center: 0.00% red area
2025-02-18 14:52:21 - Right: 0.00% red area
2025-02-18 14:52:21 - Most red section: Left
2025-02-18 14:52:21 - Image captured and saved to /home/cansat-stu/cansat/Camera/img_20250218-145221.jpg.
2025-02-18 14:52:21 - Threshold processed image saved to /home/cansat-stu/cansat/Camera/threshold_img_20250218-145221.jpg.
2025-02-18 14:52:21 - Left: 0.00% red area
2025-02-18 14:52:21 - Center: 4.03% red area
2025-02-18 14:52:21 - Right: 0.00% red area
2025-02-18 14:52:21 - Most red section: Center
2025-02-18 14:52:22 - Image captured and saved to /home/cansat-stu/cansat/Camera/img_20250218-145222.jpg.
2025-02-18 14:52:22 - Threshold processed image saved to /home/cansat-stu/cansat/Camera/threshold_img_20250218-145222.jpg.
2025-02-18 14:52:22 - Left: 0.00% red area
2025-02-18 14:52:22 - Center: 0.00% red area
2025-02-18 14:52:22 - Right: 0.00% red area
2025-02-18 14:52:22 - Most red section: Left
2025-02-18 14:52:22 - Image captured and saved to /home/cansat-stu/cansat/Camera/img_20250218-145222.jpg.
2025-02-18 14:52:22 - Threshold processed image saved to /home/cansat-stu/cansat/Camera/threshold_img_20250218-145222.jpg.
2025-02-18 14:52:22 - Left: 0.00% red area
2025-02-18 14:52:22 - Center: 0.00% red area
2025-02-18 14:52:22 - Right: 0.00% red area
2025-02-18 14:52:22 - Most red section: Left
2025-02-18 14:52:22 - Image captured and saved to /home/cansat-stu/cansat/Camera/img_20250218-145222.jpg.
2025-02-18 14:52:22 - Threshold processed image saved to /home/cansat-stu/cansat/Camera/threshold_img_20250218-145222.jpg.
2025-02-18 14:52:22 - Left: 0.00% red area
2025-02-18 14:52:22 - Center: 0.00% red area
2025-02-18 14:52:22 - Right: 0.00% red area
2025-02-18 14:52:22 - Most red section: Left
2025-02-18 14:52:22 - Image captured and saved to /home/cansat-stu/cansat/Camera/img_20250218-145222.jpg.
2025-02-18 14:52:22 - Threshold processed image saved to /home/cansat-stu/cansat/Camera/threshold_img_20250218-145222.jpg.
2025-02-18 14:52:22 - Left: 0.00% red area
2025-02-18 14:52:22 - Center: 0.00% red area
2025-02-18 14:52:22 - Right: 0.00% red area
2025-02-18 14:52:22 - Most red section: Left
2025-02-18 14:52:22 - Image captured and saved to /home/cansat-stu/cansat/Camera/img_20250218-145222.jpg.
2025-02-18 14:52:22 - Threshold processed image saved to /home/cansat-stu/cansat/Camera/threshold_img_20250218-145222.jpg.
2025-02-18 14:52:22 - Left: 0.00% red area
2025-02-18 14:52:22 - Center: 0.00% red area
2025-02-18 14:52:22 - Right: 0.00% red area
2025-02-18 14:52:22 - Most red section: Left
2025-02-18 14:52:22 - Image captured and saved to /home/cansat-stu/cansat/Camera/img_20250218-145222.jpg.
2025-02-18 14:52:22 - Threshold processed image saved to /home/cansat-stu/cansat/Camera/threshold_img_20250218-145222.jpg.
2025-02-18 14:52:22 - Left: 0.00% red area
2025-02-18 14:52:22 - Center: 0.00% red area
2025-02-18 14:52:22 - Right: 0.00% red area
2025-02-18 14:52:22 - Most red section: Left
2025-02-18 14:52:22 - Image captured and saved to /home/cansat-stu/cansat/Camera/img_20250218-145222.jpg.
2025-02-18 14:52:22 - Threshold processed image saved to /home/cansat-stu/cansat/Camera/threshold_img_20250218-145222.jpg.
2025-02-18 14:52:22 - Left: 0.00% red area
2025-02-18 14:52:22 - Center: 0.00% red area
2025-02-18 14:52:22 - Right: 0.00% red area
2025-02-18 14:52:22 - Most red section: Left
2025-02-18 14:52:23 - Image captured and saved to /home/cansat-stu/cansat/Camera/img_20250218-145223.jpg.
2025-02-18 14:52:23 - Threshold processed image saved to /home/cansat-stu/cansat/Camera/threshold_img_20250218-145223.jpg.
2025-02-18 14:52:23 - Left: 0.00% red area
2025-02-18 14:52:23 - Center: 0.00% red area
2025-02-18 14:52:23 - Right: 0.00% red area
2025-02-18 14:52:23 - Most red section: Left
2025-02-18 14:52:23 - Image captured and saved to /home/cansat-stu/cansat/Camera/img_20250218-145223.jpg.
2025-02-18 14:52:23 - Threshold processed image saved to /home/cansat-stu/cansat/Camera/threshold_img_20250218-145223.jpg.
2025-02-18 14:52:23 - Left: 0.00% red area
2025-02-18 14:52:23 - Center: 0.00% red area
2025-02-18 14:52:23 - Right: 0.00% red area
2025-02-18 14:52:23 - Most red section: Left
2025-02-18 14:52:23 - Image captured and saved to /home/cansat-stu/cansat/Camera/img_20250218-145223.jpg.
2025-02-18 14:52:23 - Threshold processed image saved to /home/cansat-stu/cansat/Camera/threshold_img_20250218-145223.jpg.
2025-02-18 14:52:23 - Left: 1.79% red area
2025-02-18 14:52:23 - Center: 0.24% red area
2025-02-18 14:52:23 - Right: 0.00% red area
2025-02-18 14:52:23 - Most red section: Left
2025-02-18 14:52:23 - Image captured and saved to /home/cansat-stu/cansat/Camera/img_20250218-145223.jpg.
2025-02-18 14:52:23 - Threshold processed image saved to /home/cansat-stu/cansat/Camera/threshold_img_20250218-145223.jpg.
2025-02-18 14:52:23 - Left: 0.00% red area
2025-02-18 14:52:23 - Center: 0.00% red area
2025-02-18 14:52:23 - Right: 0.00% red area
2025-02-18 14:52:23 - Most red section: Left
2025-02-18 14:52:23 - Image captured and saved to /home/cansat-stu/cansat/Camera/img_20250218-145223.jpg.
2025-02-18 14:52:23 - Threshold processed image saved to /home/cansat-stu/cansat/Camera/threshold_img_20250218-145223.jpg.
2025-02-18 14:52:23 - Left: 0.00% red area
2025-02-18 14:52:23 - Center: 0.00% red area
2025-02-18 14:52:23 - Right: 0.00% red area
2025-02-18 14:52:23 - Most red section: Left
2025-02-18 14:52:23 - Image captured and saved to /home/cansat-stu/cansat/Camera/img_20250218-145223.jpg.
2025-02-18 14:52:23 - Threshold processed image saved to /home/cansat-stu/cansat/Camera/threshold_img_20250218-145223.jpg.
2025-02-18 14:52:23 - Left: 0.00% red area
2025-02-18 14:52:23 - Center: 0.00% red area
2025-02-18 14:52:23 - Right: 0.00% red area
2025-02-18 14:52:23 - Most red section: Left
2025-02-18 14:52:23 - Image captured and saved to /home/cansat-stu/cansat/Camera/img_20250218-145223.jpg.
2025-02-18 14:52:23 - Threshold processed image saved to /home/cansat-stu/cansat/Camera/threshold_img_20250218-145223.jpg.
2025-02-18 14:52:23 - Left: 0.00% red area
2025-02-18 14:52:23 - Center: 0.00% red area
2025-02-18 14:52:23 - Right: 0.00% red area
2025-02-18 14:52:23 - Most red section: Left
2025-02-18 14:52:24 - Image captured and saved to /home/cansat-stu/cansat/Camera/img_20250218-145224.jpg.
2025-02-18 14:52:24 - Threshold processed image saved to /home/cansat-stu/cansat/Camera/threshold_img_20250218-145224.jpg.
2025-02-18 14:52:24 - Left: 0.00% red area
2025-02-18 14:52:24 - Center: 0.00% red area
2025-02-18 14:52:24 - Right: 0.00% red area
2025-02-18 14:52:24 - Most red section: Left
2025-02-18 14:52:24 - Image captured and saved to /home/cansat-stu/cansat/Camera/img_20250218-145224.jpg.
2025-02-18 14:52:24 - Threshold processed image saved to /home/cansat-stu/cansat/Camera/threshold_img_20250218-145224.jpg.
2025-02-18 14:52:24 - Left: 0.00% red area
2025-02-18 14:52:24 - Center: 0.00% red area
2025-02-18 14:52:24 - Right: 0.00% red area
2025-02-18 14:52:24 - Most red section: Left
2025-02-18 14:52:24 - Image captured and saved to /home/cansat-stu/cansat/Camera/img_20250218-145224.jpg.
2025-02-18 14:52:24 - Threshold processed image saved to /home/cansat-stu/cansat/Camera/threshold_img_20250218-145224.jpg.
2025-02-18 14:52:24 - Left: 0.00% red area
2025-02-18 14:52:24 - Center: 0.00% red area
2025-02-18 14:52:24 - Right: 0.00% red area
2025-02-18 14:52:24 - Most red section: Left
2025-02-18 14:52:24 - Image captured and saved to /home/cansat-stu/cansat/Camera/img_20250218-145224.jpg.
2025-02-18 14:52:24 - Threshold processed image saved to /home/cansat-stu/cansat/Camera/threshold_img_20250218-145224.jpg.
2025-02-18 14:52:24 - Left: 0.00% red area
2025-02-18 14:52:24 - Center: 0.00% red area
2025-02-18 14:52:24 - Right: 0.00% red area
2025-02-18 14:52:24 - Most red section: Left
2025-02-18 14:52:24 - Image captured and saved to /home/cansat-stu/cansat/Camera/img_20250218-145224.jpg.
2025-02-18 14:52:24 - Threshold processed image saved to /home/cansat-stu/cansat/Camera/threshold_img_20250218-145224.jpg.
2025-02-18 14:52:24 - Left: 0.00% red area
2025-02-18 14:52:24 - Center: 0.00% red area
2025-02-18 14:52:24 - Right: 0.00% red area
2025-02-18 14:52:24 - Most red section: Left
2025-02-18 14:52:24 - Image captured and saved to /home/cansat-stu/cansat/Camera/img_20250218-145224.jpg.
2025-02-18 14:52:24 - Threshold processed image saved to /home/cansat-stu/cansat/Camera/threshold_img_20250218-145224.jpg.
2025-02-18 14:52:24 - Left: 0.00% red area
2025-02-18 14:52:24 - Center: 0.00% red area
2025-02-18 14:52:24 - Right: 0.00% red area
2025-02-18 14:52:24 - Most red section: Left
2025-02-18 14:52:24 - Image captured and saved to /home/cansat-stu/cansat/Camera/img_20250218-145224.jpg.
2025-02-18 14:52:24 - Threshold processed image saved to /home/cansat-stu/cansat/Camera/threshold_img_20250218-145224.jpg.
2025-02-18 14:52:24 - Left: 1.82% red area
2025-02-18 14:52:24 - Center: 0.00% red area
2025-02-18 14:52:24 - Right: 0.00% red area
2025-02-18 14:52:24 - Most red section: Left
2025-02-18 14:52:24 - Image captured and saved to /home/cansat-stu/cansat/Camera/img_20250218-145224.jpg.
2025-02-18 14:52:25 - Threshold processed image saved to /home/cansat-stu/cansat/Camera/threshold_img_20250218-145224.jpg.
2025-02-18 14:52:25 - Left: 0.00% red area
2025-02-18 14:52:25 - Center: 0.00% red area
2025-02-18 14:52:25 - Right: 0.00% red area
2025-02-18 14:52:25 - Most red section: Left
2025-02-18 14:52:25 - Image captured and saved to /home/cansat-stu/cansat/Camera/img_20250218-145225.jpg.
2025-02-18 14:52:25 - Threshold processed image saved to /home/cansat-stu/cansat/Camera/threshold_img_20250218-145225.jpg.
2025-02-18 14:52:25 - Left: 0.00% red area
2025-02-18 14:52:25 - Center: 0.00% red area
2025-02-18 14:52:25 - Right: 0.00% red area
2025-02-18 14:52:25 - Most red section: Left
2025-02-18 14:52:25 - Image captured and saved to /home/cansat-stu/cansat/Camera/img_20250218-145225.jpg.
2025-02-18 14:52:25 - Threshold processed image saved to /home/cansat-stu/cansat/Camera/threshold_img_20250218-145225.jpg.
2025-02-18 14:52:25 - Left: 0.00% red area
2025-02-18 14:52:25 - Center: 0.00% red area
2025-02-18 14:52:25 - Right: 0.00% red area
2025-02-18 14:52:25 - Most red section: Left
2025-02-18 14:52:25 - Image captured and saved to /home/cansat-stu/cansat/Camera/img_20250218-145225.jpg.
2025-02-18 14:52:25 - Threshold processed image saved to /home/cansat-stu/cansat/Camera/threshold_img_20250218-145225.jpg.
2025-02-18 14:52:25 - Left: 0.00% red area
2025-02-18 14:52:25 - Center: 0.00% red area
2025-02-18 14:52:25 - Right: 0.00% red area
2025-02-18 14:52:25 - Most red section: Left
2025-02-18 14:52:25 - Image captured and saved to /home/cansat-stu/cansat/Camera/img_20250218-145225.jpg.
2025-02-18 14:52:25 - Threshold processed image saved to /home/cansat-stu/cansat/Camera/threshold_img_20250218-145225.jpg.
2025-02-18 14:52:25 - Left: 0.00% red area
2025-02-18 14:52:25 - Center: 0.00% red area
2025-02-18 14:52:25 - Right: 0.00% red area
2025-02-18 14:52:25 - Most red section: Left
2025-02-18 14:52:25 - Image captured and saved to /home/cansat-stu/cansat/Camera/img_20250218-145225.jpg.
2025-02-18 14:52:25 - Threshold processed image saved to /home/cansat-stu/cansat/Camera/threshold_img_20250218-145225.jpg.
2025-02-18 14:52:25 - Left: 0.00% red area
2025-02-18 14:52:25 - Center: 0.00% red area
2025-02-18 14:52:25 - Right: 0.00% red area
2025-02-18 14:52:25 - Most red section: Left
2025-02-18 14:52:25 - Image captured and saved to /home/cansat-stu/cansat/Camera/img_20250218-145225.jpg.
2025-02-18 14:52:25 - Threshold processed image saved to /home/cansat-stu/cansat/Camera/threshold_img_20250218-145225.jpg.
2025-02-18 14:52:25 - Left: 0.00% red area
2025-02-18 14:52:25 - Center: 0.00% red area
2025-02-18 14:52:25 - Right: 0.00% red area
2025-02-18 14:52:25 - Most red section: Left
2025-02-18 14:52:26 - Image captured and saved to /home/cansat-stu/cansat/Camera/img_20250218-145225.jpg.
2025-02-18 14:52:26 - Threshold processed image saved to /home/cansat-stu/cansat/Camera/threshold_img_20250218-145225.jpg.
2025-02-18 14:52:26 - Left: 0.00% red area
2025-02-18 14:52:26 - Center: 0.00% red area
2025-02-18 14:52:26 - Right: 0.00% red area
2025-02-18 14:52:26 - Most red section: Left
2025-02-18 14:52:26 - Image captured and saved to /home/cansat-stu/cansat/Camera/img_20250218-145226.jpg.
2025-02-18 14:52:26 - Threshold processed image saved to /home/cansat-stu/cansat/Camera/threshold_img_20250218-145226.jpg.
2025-02-18 14:52:26 - Left: 0.00% red area
2025-02-18 14:52:26 - Center: 0.00% red area
2025-02-18 14:52:26 - Right: 0.00% red area
2025-02-18 14:52:26 - Most red section: Left
2025-02-18 14:52:26 - Image captured and saved to /home/cansat-stu/cansat/Camera/img_20250218-145226.jpg.
2025-02-18 14:52:26 - Threshold processed image saved to /home/cansat-stu/cansat/Camera/threshold_img_20250218-145226.jpg.
2025-02-18 14:52:26 - Left: 0.00% red area
2025-02-18 14:52:26 - Center: 0.00% red area
2025-02-18 14:52:26 - Right: 0.00% red area
2025-02-18 14:52:26 - Most red section: Left
2025-02-18 14:52:26 - Image captured and saved to /home/cansat-stu/cansat/Camera/img_20250218-145226.jpg.
2025-02-18 14:52:26 - Threshold processed image saved to /home/cansat-stu/cansat/Camera/threshold_img_20250218-145226.jpg.
2025-02-18 14:52:26 - Left: 0.00% red area
2025-02-18 14:52:26 - Center: 0.00% red area
2025-02-18 14:52:26 - Right: 2.30% red area
2025-02-18 14:52:26 - Most red section: Right
2025-02-18 14:52:26 - Image captured and saved to /home/cansat-stu/cansat/Camera/img_20250218-145226.jpg.
2025-02-18 14:52:26 - Threshold processed image saved to /home/cansat-stu/cansat/Camera/threshold_img_20250218-145226.jpg.
2025-02-18 14:52:26 - Left: 0.00% red area
2025-02-18 14:52:26 - Center: 0.00% red area
2025-02-18 14:52:26 - Right: 0.00% red area
2025-02-18 14:52:26 - Most red section: Left
2025-02-18 14:52:26 - Image captured and saved to /home/cansat-stu/cansat/Camera/img_20250218-145226.jpg.
2025-02-18 14:52:26 - Threshold processed image saved to /home/cansat-stu/cansat/Camera/threshold_img_20250218-145226.jpg.
2025-02-18 14:52:26 - Left: 0.00% red area
2025-02-18 14:52:26 - Center: 0.00% red area
2025-02-18 14:52:26 - Right: 0.00% red area
2025-02-18 14:52:26 - Most red section: Left
2025-02-18 14:52:26 - Image captured and saved to /home/cansat-stu/cansat/Camera/img_20250218-145226.jpg.
2025-02-18 14:52:26 - Threshold processed image saved to /home/cansat-stu/cansat/Camera/threshold_img_20250218-145226.jpg.
2025-02-18 14:52:26 - Left: 0.00% red area
2025-02-18 14:52:26 - Center: 0.00% red area
2025-02-18 14:52:26 - Right: 0.00% red area
2025-02-18 14:52:26 - Most red section: Left
2025-02-18 14:52:26 - Image captured and saved to /home/cansat-stu/cansat/Camera/img_20250218-145226.jpg.
2025-02-18 14:52:27 - Threshold processed image saved to /home/cansat-stu/cansat/Camera/threshold_img_20250218-145226.jpg.
2025-02-18 14:52:27 - Left: 0.00% red area
2025-02-18 14:52:27 - Center: 0.00% red area
2025-02-18 14:52:27 - Right: 0.00% red area
2025-02-18 14:52:27 - Most red section: Left
2025-02-18 14:52:27 - Image captured and saved to /home/cansat-stu/cansat/Camera/img_20250218-145227.jpg.
2025-02-18 14:52:27 - Threshold processed image saved to /home/cansat-stu/cansat/Camera/threshold_img_20250218-145227.jpg.
2025-02-18 14:52:27 - Left: 0.00% red area
2025-02-18 14:52:27 - Center: 0.00% red area
2025-02-18 14:52:27 - Right: 0.00% red area
2025-02-18 14:52:27 - Most red section: Left
2025-02-18 14:52:27 - Image captured and saved to /home/cansat-stu/cansat/Camera/img_20250218-145227.jpg.
2025-02-18 14:52:27 - Threshold processed image saved to /home/cansat-stu/cansat/Camera/threshold_img_20250218-145227.jpg.
2025-02-18 14:52:27 - Left: 0.00% red area
2025-02-18 14:52:27 - Center: 0.00% red area
2025-02-18 14:52:27 - Right: 0.00% red area
2025-02-18 14:52:27 - Most red section: Left
2025-02-18 14:52:27 - Image captured and saved to /home/cansat-stu/cansat/Camera/img_20250218-145227.jpg.
2025-02-18 14:52:27 - Threshold processed image saved to /home/cansat-stu/cansat/Camera/threshold_img_20250218-145227.jpg.
2025-02-18 14:52:27 - Left: 0.00% red area
2025-02-18 14:52:27 - Center: 0.00% red area
2025-02-18 14:52:27 - Right: 0.00% red area
2025-02-18 14:52:27 - Most red section: Left
2025-02-18 14:52:27 - Image captured and saved to /home/cansat-stu/cansat/Camera/img_20250218-145227.jpg.
2025-02-18 14:52:27 - Threshold processed image saved to /home/cansat-stu/cansat/Camera/threshold_img_20250218-145227.jpg.
2025-02-18 14:52:27 - Left: 0.00% red area
2025-02-18 14:52:27 - Center: 0.00% red area
2025-02-18 14:52:27 - Right: 0.00% red area
2025-02-18 14:52:27 - Most red section: Left
2025-02-18 14:52:27 - Image captured and saved to /home/cansat-stu/cansat/Camera/img_20250218-145227.jpg.
2025-02-18 14:52:27 - Threshold processed image saved to /home/cansat-stu/cansat/Camera/threshold_img_20250218-145227.jpg.
2025-02-18 14:52:27 - Left: 0.00% red area
2025-02-18 14:52:27 - Center: 0.00% red area
2025-02-18 14:52:27 - Right: 0.00% red area
2025-02-18 14:52:27 - Most red section: Left
2025-02-18 14:52:27 - Image captured and saved to /home/cansat-stu/cansat/Camera/img_20250218-145227.jpg.
2025-02-18 14:52:27 - Threshold processed image saved to /home/cansat-stu/cansat/Camera/threshold_img_20250218-145227.jpg.
2025-02-18 14:52:27 - Left: 0.00% red area
2025-02-18 14:52:27 - Center: 0.00% red area
2025-02-18 14:52:27 - Right: 0.00% red area
2025-02-18 14:52:27 - Most red section: Left
2025-02-18 14:52:28 - Image captured and saved to /home/cansat-stu/cansat/Camera/img_20250218-145227.jpg.
2025-02-18 14:52:28 - Threshold processed image saved to /home/cansat-stu/cansat/Camera/threshold_img_20250218-145227.jpg.
2025-02-18 14:52:28 - Left: 0.00% red area
2025-02-18 14:52:28 - Center: 0.00% red area
2025-02-18 14:52:28 - Right: 0.00% red area
2025-02-18 14:52:28 - Most red section: Left
2025-02-18 14:52:28 - Image captured and saved to /home/cansat-stu/cansat/Camera/img_20250218-145228.jpg.
2025-02-18 14:52:28 - Threshold processed image saved to /home/cansat-stu/cansat/Camera/threshold_img_20250218-145228.jpg.
2025-02-18 14:52:28 - Left: 0.00% red area
2025-02-18 14:52:28 - Center: 0.00% red area
2025-02-18 14:52:28 - Right: 0.00% red area
2025-02-18 14:52:28 - Most red section: Left
2025-02-18 14:52:28 - Image captured and saved to /home/cansat-stu/cansat/Camera/img_20250218-145228.jpg.
2025-02-18 14:52:28 - Threshold processed image saved to /home/cansat-stu/cansat/Camera/threshold_img_20250218-145228.jpg.
2025-02-18 14:52:28 - Left: 0.00% red area
2025-02-18 14:52:28 - Center: 0.00% red area
2025-02-18 14:52:28 - Right: 1.61% red area
2025-02-18 14:52:28 - Most red section: Right
2025-02-18 14:52:28 - Image captured and saved to /home/cansat-stu/cansat/Camera/img_20250218-145228.jpg.
2025-02-18 14:52:28 - Threshold processed image saved to /home/cansat-stu/cansat/Camera/threshold_img_20250218-145228.jpg.
2025-02-18 14:52:28 - Left: 0.00% red area
2025-02-18 14:52:28 - Center: 0.00% red area
2025-02-18 14:52:28 - Right: 0.00% red area
2025-02-18 14:52:28 - Most red section: Left
2025-02-18 14:52:28 - Image captured and saved to /home/cansat-stu/cansat/Camera/img_20250218-145228.jpg.
2025-02-18 14:52:28 - Threshold processed image saved to /home/cansat-stu/cansat/Camera/threshold_img_20250218-145228.jpg.
2025-02-18 14:52:28 - Left: 0.00% red area
2025-02-18 14:52:28 - Center: 0.00% red area
2025-02-18 14:52:28 - Right: 0.00% red area
2025-02-18 14:52:28 - Most red section: Left
2025-02-18 14:52:28 - Image captured and saved to /home/cansat-stu/cansat/Camera/img_20250218-145228.jpg.
2025-02-18 14:52:28 - Threshold processed image saved to /home/cansat-stu/cansat/Camera/threshold_img_20250218-145228.jpg.
2025-02-18 14:52:28 - Left: 0.00% red area
2025-02-18 14:52:28 - Center: 0.00% red area
2025-02-18 14:52:28 - Right: 0.00% red area
2025-02-18 14:52:28 - Most red section: Left
2025-02-18 14:52:28 - Image captured and saved to /home/cansat-stu/cansat/Camera/img_20250218-145228.jpg.
2025-02-18 14:52:28 - Threshold processed image saved to /home/cansat-stu/cansat/Camera/threshold_img_20250218-145228.jpg.
2025-02-18 14:52:28 - Left: 0.00% red area
2025-02-18 14:52:28 - Center: 0.00% red area
2025-02-18 14:52:28 - Right: 0.00% red area
2025-02-18 14:52:28 - Most red section: Left
2025-02-18 14:52:29 - Image captured and saved to /home/cansat-stu/cansat/Camera/img_20250218-145228.jpg.
2025-02-18 14:52:29 - Threshold processed image saved to /home/cansat-stu/cansat/Camera/threshold_img_20250218-145228.jpg.
2025-02-18 14:52:29 - Left: 0.00% red area
2025-02-18 14:52:29 - Center: 0.00% red area
2025-02-18 14:52:29 - Right: 0.00% red area
2025-02-18 14:52:29 - Most red section: Left
2025-02-18 14:52:29 - Image captured and saved to /home/cansat-stu/cansat/Camera/img_20250218-145229.jpg.
2025-02-18 14:52:29 - Threshold processed image saved to /home/cansat-stu/cansat/Camera/threshold_img_20250218-145229.jpg.
2025-02-18 14:52:29 - Left: 0.00% red area
2025-02-18 14:52:29 - Center: 0.00% red area
2025-02-18 14:52:29 - Right: 0.00% red area
2025-02-18 14:52:29 - Most red section: Left
2025-02-18 14:52:29 - Image captured and saved to /home/cansat-stu/cansat/Camera/img_20250218-145229.jpg.
2025-02-18 14:52:29 - Threshold processed image saved to /home/cansat-stu/cansat/Camera/threshold_img_20250218-145229.jpg.
2025-02-18 14:52:29 - Left: 2.06% red area
2025-02-18 14:52:29 - Center: 0.00% red area
2025-02-18 14:52:29 - Right: 0.00% red area
2025-02-18 14:52:29 - Most red section: Left
2025-02-18 14:52:29 - Image captured and saved to /home/cansat-stu/cansat/Camera/img_20250218-145229.jpg.
2025-02-18 14:52:29 - Threshold processed image saved to /home/cansat-stu/cansat/Camera/threshold_img_20250218-145229.jpg.
2025-02-18 14:52:29 - Left: 0.00% red area
2025-02-18 14:52:29 - Center: 0.00% red area
2025-02-18 14:52:29 - Right: 0.00% red area
2025-02-18 14:52:29 - Most red section: Left
2025-02-18 14:52:29 - Image captured and saved to /home/cansat-stu/cansat/Camera/img_20250218-145229.jpg.
2025-02-18 14:52:29 - Threshold processed image saved to /home/cansat-stu/cansat/Camera/threshold_img_20250218-145229.jpg.
2025-02-18 14:52:29 - Left: 0.00% red area
2025-02-18 14:52:29 - Center: 0.00% red area
2025-02-18 14:52:29 - Right: 0.00% red area
2025-02-18 14:52:29 - Most red section: Left
2025-02-18 14:52:29 - Image captured and saved to /home/cansat-stu/cansat/Camera/img_20250218-145229.jpg.
2025-02-18 14:52:29 - Threshold processed image saved to /home/cansat-stu/cansat/Camera/threshold_img_20250218-145229.jpg.
2025-02-18 14:52:29 - Left: 0.00% red area
2025-02-18 14:52:29 - Center: 0.00% red area
2025-02-18 14:52:29 - Right: 0.00% red area
2025-02-18 14:52:29 - Most red section: Left
2025-02-18 14:52:29 - Image captured and saved to /home/cansat-stu/cansat/Camera/img_20250218-145229.jpg.
2025-02-18 14:52:29 - Threshold processed image saved to /home/cansat-stu/cansat/Camera/threshold_img_20250218-145229.jpg.
2025-02-18 14:52:29 - Left: 0.00% red area
2025-02-18 14:52:29 - Center: 0.00% red area
2025-02-18 14:52:29 - Right: 0.00% red area
2025-02-18 14:52:29 - Most red section: Left
2025-02-18 14:52:30 - Image captured and saved to /home/cansat-stu/cansat/Camera/img_20250218-145229.jpg.
2025-02-18 14:52:30 - Threshold processed image saved to /home/cansat-stu/cansat/Camera/threshold_img_20250218-145229.jpg.
2025-02-18 14:52:30 - Left: 0.00% red area
2025-02-18 14:52:30 - Center: 0.00% red area
2025-02-18 14:52:30 - Right: 0.00% red area
2025-02-18 14:52:30 - Most red section: Left
2025-02-18 14:52:30 - Image captured and saved to /home/cansat-stu/cansat/Camera/img_20250218-145230.jpg.
2025-02-18 14:52:30 - Threshold processed image saved to /home/cansat-stu/cansat/Camera/threshold_img_20250218-145230.jpg.
2025-02-18 14:52:30 - Left: 0.00% red area
2025-02-18 14:52:30 - Center: 0.00% red area
2025-02-18 14:52:30 - Right: 0.00% red area
2025-02-18 14:52:30 - Most red section: Left
2025-02-18 14:52:30 - Image captured and saved to /home/cansat-stu/cansat/Camera/img_20250218-145230.jpg.
2025-02-18 14:52:30 - Threshold processed image saved to /home/cansat-stu/cansat/Camera/threshold_img_20250218-145230.jpg.
2025-02-18 14:52:30 - Left: 0.00% red area
2025-02-18 14:52:30 - Center: 0.00% red area
2025-02-18 14:52:30 - Right: 0.00% red area
2025-02-18 14:52:30 - Most red section: Left
2025-02-18 14:52:30 - Image captured and saved to /home/cansat-stu/cansat/Camera/img_20250218-145230.jpg.
2025-02-18 14:52:30 - Threshold processed image saved to /home/cansat-stu/cansat/Camera/threshold_img_20250218-145230.jpg.
2025-02-18 14:52:30 - Left: 0.00% red area
2025-02-18 14:52:30 - Center: 0.00% red area
2025-02-18 14:52:30 - Right: 0.00% red area
2025-02-18 14:52:30 - Most red section: Left
2025-02-18 14:52:30 - Image captured and saved to /home/cansat-stu/cansat/Camera/img_20250218-145230.jpg.
2025-02-18 14:52:30 - Threshold processed image saved to /home/cansat-stu/cansat/Camera/threshold_img_20250218-145230.jpg.
2025-02-18 14:52:30 - Left: 0.00% red area
2025-02-18 14:52:30 - Center: 0.00% red area
2025-02-18 14:52:30 - Right: 0.00% red area
2025-02-18 14:52:30 - Most red section: Left
2025-02-18 14:52:30 - Image captured and saved to /home/cansat-stu/cansat/Camera/img_20250218-145230.jpg.
2025-02-18 14:52:30 - Threshold processed image saved to /home/cansat-stu/cansat/Camera/threshold_img_20250218-145230.jpg.
2025-02-18 14:52:30 - Left: 0.00% red area
2025-02-18 14:52:30 - Center: 0.00% red area
2025-02-18 14:52:30 - Right: 0.00% red area
2025-02-18 14:52:30 - Most red section: Left
2025-02-18 14:52:30 - Image captured and saved to /home/cansat-stu/cansat/Camera/img_20250218-145230.jpg.
2025-02-18 14:52:30 - Threshold processed image saved to /home/cansat-stu/cansat/Camera/threshold_img_20250218-145230.jpg.
2025-02-18 14:52:30 - Left: 0.00% red area
2025-02-18 14:52:30 - Center: 0.00% red area
2025-02-18 14:52:30 - Right: 2.88% red area
2025-02-18 14:52:30 - Most red section: Right
2025-02-18 14:52:30 - Image captured and saved to /home/cansat-stu/cansat/Camera/img_20250218-145230.jpg.
2025-02-18 14:52:31 - Threshold processed image saved to /home/cansat-stu/cansat/Camera/threshold_img_20250218-145230.jpg.
2025-02-18 14:52:31 - Left: 0.00% red area
2025-02-18 14:52:31 - Center: 0.00% red area
2025-02-18 14:52:31 - Right: 0.00% red area
2025-02-18 14:52:31 - Most red section: Left
2025-02-18 14:52:31 - Image captured and saved to /home/cansat-stu/cansat/Camera/img_20250218-145231.jpg.
2025-02-18 14:52:31 - Threshold processed image saved to /home/cansat-stu/cansat/Camera/threshold_img_20250218-145231.jpg.
2025-02-18 14:52:31 - Left: 0.00% red area
2025-02-18 14:52:31 - Center: 0.00% red area
2025-02-18 14:52:31 - Right: 0.00% red area
2025-02-18 14:52:31 - Most red section: Left
2025-02-18 14:52:31 - Image captured and saved to /home/cansat-stu/cansat/Camera/img_20250218-145231.jpg.
2025-02-18 14:52:31 - Threshold processed image saved to /home/cansat-stu/cansat/Camera/threshold_img_20250218-145231.jpg.
2025-02-18 14:52:31 - Left: 0.00% red area
2025-02-18 14:52:31 - Center: 0.00% red area
2025-02-18 14:52:31 - Right: 0.00% red area
2025-02-18 14:52:31 - Most red section: Left
2025-02-18 14:52:31 - Image captured and saved to /home/cansat-stu/cansat/Camera/img_20250218-145231.jpg.
2025-02-18 14:52:31 - Threshold processed image saved to /home/cansat-stu/cansat/Camera/threshold_img_20250218-145231.jpg.
2025-02-18 14:52:31 - Left: 0.00% red area
2025-02-18 14:52:31 - Center: 0.00% red area
2025-02-18 14:52:31 - Right: 0.00% red area
2025-02-18 14:52:31 - Most red section: Left
2025-02-18 14:52:31 - Image captured and saved to /home/cansat-stu/cansat/Camera/img_20250218-145231.jpg.
2025-02-18 14:52:31 - Threshold processed image saved to /home/cansat-stu/cansat/Camera/threshold_img_20250218-145231.jpg.
2025-02-18 14:52:31 - Left: 0.00% red area
2025-02-18 14:52:31 - Center: 0.00% red area
2025-02-18 14:52:31 - Right: 0.00% red area
2025-02-18 14:52:31 - Most red section: Left
2025-02-18 14:52:31 - Image captured and saved to /home/cansat-stu/cansat/Camera/img_20250218-145231.jpg.
2025-02-18 14:52:31 - Threshold processed image saved to /home/cansat-stu/cansat/Camera/threshold_img_20250218-145231.jpg.
2025-02-18 14:52:31 - Left: 0.00% red area
2025-02-18 14:52:31 - Center: 0.00% red area
2025-02-18 14:52:31 - Right: 0.00% red area
2025-02-18 14:52:31 - Most red section: Left
2025-02-18 14:52:31 - Image captured and saved to /home/cansat-stu/cansat/Camera/img_20250218-145231.jpg.
2025-02-18 14:52:31 - Threshold processed image saved to /home/cansat-stu/cansat/Camera/threshold_img_20250218-145231.jpg.
2025-02-18 14:52:31 - Left: 0.00% red area
2025-02-18 14:52:31 - Center: 0.00% red area
2025-02-18 14:52:31 - Right: 0.00% red area
2025-02-18 14:52:31 - Most red section: Left
2025-02-18 14:52:31 - Image captured and saved to /home/cansat-stu/cansat/Camera/img_20250218-145231.jpg.
2025-02-18 14:52:31 - Threshold processed image saved to /home/cansat-stu/cansat/Camera/threshold_img_20250218-145231.jpg.
2025-02-18 14:52:31 - Left: 0.00% red area
2025-02-18 14:52:31 - Center: 0.00% red area
2025-02-18 14:52:31 - Right: 1.67% red area
2025-02-18 14:52:31 - Most red section: Right
2025-02-18 14:52:32 - Image captured and saved to /home/cansat-stu/cansat/Camera/img_20250218-145232.jpg.
2025-02-18 14:52:32 - Threshold processed image saved to /home/cansat-stu/cansat/Camera/threshold_img_20250218-145232.jpg.
2025-02-18 14:52:32 - Left: 0.00% red area
2025-02-18 14:52:32 - Center: 0.00% red area
2025-02-18 14:52:32 - Right: 0.00% red area
2025-02-18 14:52:32 - Most red section: Left
2025-02-18 14:52:32 - Image captured and saved to /home/cansat-stu/cansat/Camera/img_20250218-145232.jpg.
2025-02-18 14:52:32 - Threshold processed image saved to /home/cansat-stu/cansat/Camera/threshold_img_20250218-145232.jpg.
2025-02-18 14:52:32 - Left: 0.00% red area
2025-02-18 14:52:32 - Center: 0.00% red area
2025-02-18 14:52:32 - Right: 0.00% red area
2025-02-18 14:52:32 - Most red section: Left
2025-02-18 14:52:32 - Image captured and saved to /home/cansat-stu/cansat/Camera/img_20250218-145232.jpg.
2025-02-18 14:52:32 - Threshold processed image saved to /home/cansat-stu/cansat/Camera/threshold_img_20250218-145232.jpg.
2025-02-18 14:52:32 - Left: 0.00% red area
2025-02-18 14:52:32 - Center: 0.00% red area
2025-02-18 14:52:32 - Right: 0.00% red area
2025-02-18 14:52:32 - Most red section: Left
2025-02-18 14:52:32 - Image captured and saved to /home/cansat-stu/cansat/Camera/img_20250218-145232.jpg.
2025-02-18 14:52:32 - Threshold processed image saved to /home/cansat-stu/cansat/Camera/threshold_img_20250218-145232.jpg.
2025-02-18 14:52:32 - Left: 0.00% red area
2025-02-18 14:52:32 - Center: 0.00% red area
2025-02-18 14:52:32 - Right: 0.00% red area
2025-02-18 14:52:32 - Most red section: Left
2025-02-18 14:52:32 - Image captured and saved to /home/cansat-stu/cansat/Camera/img_20250218-145232.jpg.
2025-02-18 14:52:32 - Threshold processed image saved to /home/cansat-stu/cansat/Camera/threshold_img_20250218-145232.jpg.
2025-02-18 14:52:32 - Left: 0.00% red area
2025-02-18 14:52:32 - Center: 0.00% red area
2025-02-18 14:52:32 - Right: 0.00% red area
2025-02-18 14:52:32 - Most red section: Left
2025-02-18 14:52:32 - Image captured and saved to /home/cansat-stu/cansat/Camera/img_20250218-145232.jpg.
2025-02-18 14:52:32 - Threshold processed image saved to /home/cansat-stu/cansat/Camera/threshold_img_20250218-145232.jpg.
2025-02-18 14:52:32 - Left: 0.00% red area
2025-02-18 14:52:32 - Center: 0.00% red area
2025-02-18 14:52:32 - Right: 0.00% red area
2025-02-18 14:52:32 - Most red section: Left
2025-02-18 14:52:32 - Image captured and saved to /home/cansat-stu/cansat/Camera/img_20250218-145232.jpg.
2025-02-18 14:52:32 - Threshold processed image saved to /home/cansat-stu/cansat/Camera/threshold_img_20250218-145232.jpg.
2025-02-18 14:52:32 - Left: 0.00% red area
2025-02-18 14:52:32 - Center: 0.00% red area
2025-02-18 14:52:32 - Right: 0.00% red area
2025-02-18 14:52:32 - Most red section: Left
2025-02-18 14:52:33 - Image captured and saved to /home/cansat-stu/cansat/Camera/img_20250218-145233.jpg.
2025-02-18 14:52:33 - Threshold processed image saved to /home/cansat-stu/cansat/Camera/threshold_img_20250218-145233.jpg.
2025-02-18 14:52:33 - Left: 0.00% red area
2025-02-18 14:52:33 - Center: 0.00% red area
2025-02-18 14:52:33 - Right: 0.00% red area
2025-02-18 14:52:33 - Most red section: Left
2025-02-18 14:52:33 - Image captured and saved to /home/cansat-stu/cansat/Camera/img_20250218-145233.jpg.
2025-02-18 14:52:33 - Threshold processed image saved to /home/cansat-stu/cansat/Camera/threshold_img_20250218-145233.jpg.
2025-02-18 14:52:33 - Left: 0.00% red area
2025-02-18 14:52:33 - Center: 0.00% red area
2025-02-18 14:52:33 - Right: 0.00% red area
2025-02-18 14:52:33 - Most red section: Left
2025-02-18 14:52:33 - Image captured and saved to /home/cansat-stu/cansat/Camera/img_20250218-145233.jpg.
2025-02-18 14:52:33 - Threshold processed image saved to /home/cansat-stu/cansat/Camera/threshold_img_20250218-145233.jpg.
2025-02-18 14:52:33 - Left: 0.00% red area
2025-02-18 14:52:33 - Center: 0.00% red area
2025-02-18 14:52:33 - Right: 0.00% red area
2025-02-18 14:52:33 - Most red section: Left
2025-02-18 14:52:33 - Image captured and saved to /home/cansat-stu/cansat/Camera/img_20250218-145233.jpg.
2025-02-18 14:52:33 - Threshold processed image saved to /home/cansat-stu/cansat/Camera/threshold_img_20250218-145233.jpg.
2025-02-18 14:52:33 - Left: 0.00% red area
2025-02-18 14:52:33 - Center: 0.00% red area
2025-02-18 14:52:33 - Right: 0.00% red area
2025-02-18 14:52:33 - Most red section: Left
2025-02-18 14:52:33 - Image captured and saved to /home/cansat-stu/cansat/Camera/img_20250218-145233.jpg.
2025-02-18 14:52:33 - Threshold processed image saved to /home/cansat-stu/cansat/Camera/threshold_img_20250218-145233.jpg.
2025-02-18 14:52:33 - Left: 0.00% red area
2025-02-18 14:52:33 - Center: 0.00% red area
2025-02-18 14:52:33 - Right: 0.00% red area
2025-02-18 14:52:33 - Most red section: Left
2025-02-18 14:52:33 - Image captured and saved to /home/cansat-stu/cansat/Camera/img_20250218-145233.jpg.
2025-02-18 14:52:33 - Threshold processed image saved to /home/cansat-stu/cansat/Camera/threshold_img_20250218-145233.jpg.
2025-02-18 14:52:33 - Left: 0.00% red area
2025-02-18 14:52:33 - Center: 0.00% red area
2025-02-18 14:52:33 - Right: 3.67% red area
2025-02-18 14:52:33 - Most red section: Right
2025-02-18 14:52:33 - Image captured and saved to /home/cansat-stu/cansat/Camera/img_20250218-145233.jpg.
2025-02-18 14:52:33 - Threshold processed image saved to /home/cansat-stu/cansat/Camera/threshold_img_20250218-145233.jpg.
2025-02-18 14:52:33 - Left: 0.00% red area
2025-02-18 14:52:33 - Center: 0.00% red area
2025-02-18 14:52:33 - Right: 0.00% red area
2025-02-18 14:52:33 - Most red section: Left
2025-02-18 14:52:34 - Image captured and saved to /home/cansat-stu/cansat/Camera/img_20250218-145234.jpg.
2025-02-18 14:52:34 - Threshold processed image saved to /home/cansat-stu/cansat/Camera/threshold_img_20250218-145234.jpg.
2025-02-18 14:52:34 - Left: 0.00% red area
2025-02-18 14:52:34 - Center: 0.00% red area
2025-02-18 14:52:34 - Right: 0.00% red area
2025-02-18 14:52:34 - Most red section: Left
2025-02-18 14:52:34 - Image captured and saved to /home/cansat-stu/cansat/Camera/img_20250218-145234.jpg.
2025-02-18 14:52:34 - Threshold processed image saved to /home/cansat-stu/cansat/Camera/threshold_img_20250218-145234.jpg.
2025-02-18 14:52:34 - Left: 0.00% red area
2025-02-18 14:52:34 - Center: 0.00% red area
2025-02-18 14:52:34 - Right: 0.00% red area
2025-02-18 14:52:34 - Most red section: Left
2025-02-18 14:52:34 - Image captured and saved to /home/cansat-stu/cansat/Camera/img_20250218-145234.jpg.
2025-02-18 14:52:34 - Threshold processed image saved to /home/cansat-stu/cansat/Camera/threshold_img_20250218-145234.jpg.
2025-02-18 14:52:34 - Left: 0.00% red area
2025-02-18 14:52:34 - Center: 0.00% red area
2025-02-18 14:52:34 - Right: 0.00% red area
2025-02-18 14:52:34 - Most red section: Left
2025-02-18 14:52:34 - Image captured and saved to /home/cansat-stu/cansat/Camera/img_20250218-145234.jpg.
2025-02-18 14:52:34 - Threshold processed image saved to /home/cansat-stu/cansat/Camera/threshold_img_20250218-145234.jpg.
2025-02-18 14:52:34 - Left: 0.00% red area
2025-02-18 14:52:34 - Center: 0.00% red area
2025-02-18 14:52:34 - Right: 0.00% red area
2025-02-18 14:52:34 - Most red section: Left
2025-02-18 14:52:34 - Image captured and saved to /home/cansat-stu/cansat/Camera/img_20250218-145234.jpg.
2025-02-18 14:52:34 - Threshold processed image saved to /home/cansat-stu/cansat/Camera/threshold_img_20250218-145234.jpg.
2025-02-18 14:52:34 - Left: 0.00% red area
2025-02-18 14:52:34 - Center: 0.00% red area
2025-02-18 14:52:34 - Right: 0.00% red area
2025-02-18 14:52:34 - Most red section: Left
2025-02-18 14:52:34 - Image captured and saved to /home/cansat-stu/cansat/Camera/img_20250218-145234.jpg.
2025-02-18 14:52:34 - Threshold processed image saved to /home/cansat-stu/cansat/Camera/threshold_img_20250218-145234.jpg.
2025-02-18 14:52:34 - Left: 0.00% red area
2025-02-18 14:52:34 - Center: 0.00% red area
2025-02-18 14:52:34 - Right: 0.00% red area
2025-02-18 14:52:34 - Most red section: Left
2025-02-18 14:52:34 - Image captured and saved to /home/cansat-stu/cansat/Camera/img_20250218-145234.jpg.
2025-02-18 14:52:34 - Threshold processed image saved to /home/cansat-stu/cansat/Camera/threshold_img_20250218-145234.jpg.
2025-02-18 14:52:34 - Left: 0.00% red area
2025-02-18 14:52:34 - Center: 4.12% red area
2025-02-18 14:52:34 - Right: 0.00% red area
2025-02-18 14:52:34 - Most red section: Center
2025-02-18 14:52:35 - Image captured and saved to /home/cansat-stu/cansat/Camera/img_20250218-145235.jpg.
2025-02-18 14:52:35 - Threshold processed image saved to /home/cansat-stu/cansat/Camera/threshold_img_20250218-145235.jpg.
2025-02-18 14:52:35 - Left: 0.00% red area
2025-02-18 14:52:35 - Center: 0.00% red area
2025-02-18 14:52:35 - Right: 0.00% red area
2025-02-18 14:52:35 - Most red section: Left
2025-02-18 14:52:35 - Image captured and saved to /home/cansat-stu/cansat/Camera/img_20250218-145235.jpg.
2025-02-18 14:52:35 - Threshold processed image saved to /home/cansat-stu/cansat/Camera/threshold_img_20250218-145235.jpg.
2025-02-18 14:52:35 - Left: 0.00% red area
2025-02-18 14:52:35 - Center: 0.00% red area
2025-02-18 14:52:35 - Right: 0.00% red area
2025-02-18 14:52:35 - Most red section: Left
2025-02-18 14:52:35 - Image captured and saved to /home/cansat-stu/cansat/Camera/img_20250218-145235.jpg.
2025-02-18 14:52:35 - Threshold processed image saved to /home/cansat-stu/cansat/Camera/threshold_img_20250218-145235.jpg.
2025-02-18 14:52:35 - Left: 0.00% red area
2025-02-18 14:52:35 - Center: 0.00% red area
2025-02-18 14:52:35 - Right: 0.00% red area
2025-02-18 14:52:35 - Most red section: Left
2025-02-18 14:52:35 - Image captured and saved to /home/cansat-stu/cansat/Camera/img_20250218-145235.jpg.
2025-02-18 14:52:35 - Threshold processed image saved to /home/cansat-stu/cansat/Camera/threshold_img_20250218-145235.jpg.
2025-02-18 14:52:35 - Left: 0.00% red area
2025-02-18 14:52:35 - Center: 0.00% red area
2025-02-18 14:52:35 - Right: 0.00% red area
2025-02-18 14:52:35 - Most red section: Left
2025-02-18 14:52:35 - Image captured and saved to /home/cansat-stu/cansat/Camera/img_20250218-145235.jpg.
2025-02-18 14:52:35 - Threshold processed image saved to /home/cansat-stu/cansat/Camera/threshold_img_20250218-145235.jpg.
2025-02-18 14:52:35 - Left: 0.00% red area
2025-02-18 14:52:35 - Center: 0.00% red area
2025-02-18 14:52:35 - Right: 0.00% red area
2025-02-18 14:52:35 - Most red section: Left
2025-02-18 14:52:35 - Image captured and saved to /home/cansat-stu/cansat/Camera/img_20250218-145235.jpg.
2025-02-18 14:52:35 - Threshold processed image saved to /home/cansat-stu/cansat/Camera/threshold_img_20250218-145235.jpg.
2025-02-18 14:52:35 - Left: 0.00% red area
2025-02-18 14:52:35 - Center: 0.00% red area
2025-02-18 14:52:35 - Right: 0.00% red area
2025-02-18 14:52:35 - Most red section: Left
2025-02-18 14:52:36 - Image captured and saved to /home/cansat-stu/cansat/Camera/img_20250218-145236.jpg.
2025-02-18 14:52:36 - Threshold processed image saved to /home/cansat-stu/cansat/Camera/threshold_img_20250218-145236.jpg.
2025-02-18 14:52:36 - Left: 0.00% red area
2025-02-18 14:52:36 - Center: 0.00% red area
2025-02-18 14:52:36 - Right: 0.00% red area
2025-02-18 14:52:36 - Most red section: Left
2025-02-18 14:52:36 - Image captured and saved to /home/cansat-stu/cansat/Camera/img_20250218-145236.jpg.
2025-02-18 14:52:36 - Threshold processed image saved to /home/cansat-stu/cansat/Camera/threshold_img_20250218-145236.jpg.
2025-02-18 14:52:36 - Left: 0.00% red area
2025-02-18 14:52:36 - Center: 0.00% red area
2025-02-18 14:52:36 - Right: 0.00% red area
2025-02-18 14:52:36 - Most red section: Left
2025-02-18 14:52:36 - Image captured and saved to /home/cansat-stu/cansat/Camera/img_20250218-145236.jpg.
2025-02-18 14:52:36 - Threshold processed image saved to /home/cansat-stu/cansat/Camera/threshold_img_20250218-145236.jpg.
2025-02-18 14:52:36 - Left: 0.00% red area
2025-02-18 14:52:36 - Center: 0.00% red area
2025-02-18 14:52:36 - Right: 0.00% red area
2025-02-18 14:52:36 - Most red section: Left
2025-02-18 14:52:36 - Image captured and saved to /home/cansat-stu/cansat/Camera/img_20250218-145236.jpg.
2025-02-18 14:52:36 - Threshold processed image saved to /home/cansat-stu/cansat/Camera/threshold_img_20250218-145236.jpg.
2025-02-18 14:52:36 - Left: 0.00% red area
2025-02-18 14:52:36 - Center: 0.00% red area
2025-02-18 14:52:36 - Right: 0.00% red area
2025-02-18 14:52:36 - Most red section: Left
2025-02-18 14:52:36 - Image captured and saved to /home/cansat-stu/cansat/Camera/img_20250218-145236.jpg.
2025-02-18 14:52:36 - Threshold processed image saved to /home/cansat-stu/cansat/Camera/threshold_img_20250218-145236.jpg.
2025-02-18 14:52:36 - Left: 0.00% red area
2025-02-18 14:52:36 - Center: 1.09% red area
2025-02-18 14:52:36 - Right: 2.70% red area
2025-02-18 14:52:36 - Most red section: Right
2025-02-18 14:52:36 - Image captured and saved to /home/cansat-stu/cansat/Camera/img_20250218-145236.jpg.
2025-02-18 14:52:36 - Threshold processed image saved to /home/cansat-stu/cansat/Camera/threshold_img_20250218-145236.jpg.
2025-02-18 14:52:36 - Left: 0.00% red area
2025-02-18 14:52:36 - Center: 0.00% red area
2025-02-18 14:52:36 - Right: 0.00% red area
2025-02-18 14:52:36 - Most red section: Left
2025-02-18 14:52:36 - Image captured and saved to /home/cansat-stu/cansat/Camera/img_20250218-145236.jpg.
2025-02-18 14:52:36 - Threshold processed image saved to /home/cansat-stu/cansat/Camera/threshold_img_20250218-145236.jpg.
2025-02-18 14:52:36 - Left: 0.00% red area
2025-02-18 14:52:36 - Center: 0.00% red area
2025-02-18 14:52:36 - Right: 0.00% red area
2025-02-18 14:52:36 - Most red section: Left
2025-02-18 14:52:37 - Image captured and saved to /home/cansat-stu/cansat/Camera/img_20250218-145236.jpg.
2025-02-18 14:52:37 - Threshold processed image saved to /home/cansat-stu/cansat/Camera/threshold_img_20250218-145236.jpg.
2025-02-18 14:52:37 - Left: 0.00% red area
2025-02-18 14:52:37 - Center: 0.00% red area
2025-02-18 14:52:37 - Right: 0.00% red area
2025-02-18 14:52:37 - Most red section: Left
2025-02-18 14:52:37 - Image captured and saved to /home/cansat-stu/cansat/Camera/img_20250218-145237.jpg.
2025-02-18 14:52:37 - Threshold processed image saved to /home/cansat-stu/cansat/Camera/threshold_img_20250218-145237.jpg.
2025-02-18 14:52:37 - Left: 0.00% red area
2025-02-18 14:52:37 - Center: 0.00% red area
2025-02-18 14:52:37 - Right: 0.00% red area
2025-02-18 14:52:37 - Most red section: Left
2025-02-18 14:52:37 - Image captured and saved to /home/cansat-stu/cansat/Camera/img_20250218-145237.jpg.
2025-02-18 14:52:37 - Threshold processed image saved to /home/cansat-stu/cansat/Camera/threshold_img_20250218-145237.jpg.
2025-02-18 14:52:37 - Left: 0.00% red area
2025-02-18 14:52:37 - Center: 0.00% red area
2025-02-18 14:52:37 - Right: 0.00% red area
2025-02-18 14:52:37 - Most red section: Left
2025-02-18 14:52:37 - Image captured and saved to /home/cansat-stu/cansat/Camera/img_20250218-145237.jpg.
2025-02-18 14:52:37 - Threshold processed image saved to /home/cansat-stu/cansat/Camera/threshold_img_20250218-145237.jpg.
2025-02-18 14:52:37 - Left: 0.00% red area
2025-02-18 14:52:37 - Center: 0.00% red area
2025-02-18 14:52:37 - Right: 0.00% red area
2025-02-18 14:52:37 - Most red section: Left
2025-02-18 14:52:37 - Image captured and saved to /home/cansat-stu/cansat/Camera/img_20250218-145237.jpg.
2025-02-18 14:52:37 - Threshold processed image saved to /home/cansat-stu/cansat/Camera/threshold_img_20250218-145237.jpg.
2025-02-18 14:52:37 - Left: 0.00% red area
2025-02-18 14:52:37 - Center: 0.00% red area
2025-02-18 14:52:37 - Right: 0.00% red area
2025-02-18 14:52:37 - Most red section: Left
2025-02-18 14:52:37 - Image captured and saved to /home/cansat-stu/cansat/Camera/img_20250218-145237.jpg.
2025-02-18 14:52:37 - Threshold processed image saved to /home/cansat-stu/cansat/Camera/threshold_img_20250218-145237.jpg.
2025-02-18 14:52:37 - Left: 0.00% red area
2025-02-18 14:52:37 - Center: 0.00% red area
2025-02-18 14:52:37 - Right: 0.88% red area
2025-02-18 14:52:37 - Most red section: Right
2025-02-18 14:52:37 - Image captured and saved to /home/cansat-stu/cansat/Camera/img_20250218-145237.jpg.
2025-02-18 14:52:37 - Threshold processed image saved to /home/cansat-stu/cansat/Camera/threshold_img_20250218-145237.jpg.
2025-02-18 14:52:37 - Left: 0.00% red area
2025-02-18 14:52:37 - Center: 0.00% red area
2025-02-18 14:52:37 - Right: 0.00% red area
2025-02-18 14:52:37 - Most red section: Left
2025-02-18 14:52:37 - Image captured and saved to /home/cansat-stu/cansat/Camera/img_20250218-145237.jpg.
2025-02-18 14:52:37 - Threshold processed image saved to /home/cansat-stu/cansat/Camera/threshold_img_20250218-145237.jpg.
2025-02-18 14:52:37 - Left: 0.00% red area
2025-02-18 14:52:37 - Center: 0.00% red area
2025-02-18 14:52:37 - Right: 0.00% red area
2025-02-18 14:52:37 - Most red section: Left
2025-02-18 14:52:38 - Image captured and saved to /home/cansat-stu/cansat/Camera/img_20250218-145238.jpg.
2025-02-18 14:52:38 - Threshold processed image saved to /home/cansat-stu/cansat/Camera/threshold_img_20250218-145238.jpg.
2025-02-18 14:52:38 - Left: 0.00% red area
2025-02-18 14:52:38 - Center: 0.00% red area
2025-02-18 14:52:38 - Right: 0.00% red area
2025-02-18 14:52:38 - Most red section: Left
2025-02-18 14:52:38 - Image captured and saved to /home/cansat-stu/cansat/Camera/img_20250218-145238.jpg.
2025-02-18 14:52:38 - Threshold processed image saved to /home/cansat-stu/cansat/Camera/threshold_img_20250218-145238.jpg.
2025-02-18 14:52:38 - Left: 0.00% red area
2025-02-18 14:52:38 - Center: 0.00% red area
2025-02-18 14:52:38 - Right: 0.00% red area
2025-02-18 14:52:38 - Most red section: Left
2025-02-18 14:52:38 - Image captured and saved to /home/cansat-stu/cansat/Camera/img_20250218-145238.jpg.
2025-02-18 14:52:38 - Threshold processed image saved to /home/cansat-stu/cansat/Camera/threshold_img_20250218-145238.jpg.
2025-02-18 14:52:38 - Left: 0.00% red area
2025-02-18 14:52:38 - Center: 0.00% red area
2025-02-18 14:52:38 - Right: 0.00% red area
2025-02-18 14:52:38 - Most red section: Left
2025-02-18 14:52:38 - Image captured and saved to /home/cansat-stu/cansat/Camera/img_20250218-145238.jpg.
2025-02-18 14:52:38 - Threshold processed image saved to /home/cansat-stu/cansat/Camera/threshold_img_20250218-145238.jpg.
2025-02-18 14:52:38 - Left: 0.00% red area
2025-02-18 14:52:38 - Center: 0.00% red area
2025-02-18 14:52:38 - Right: 0.00% red area
2025-02-18 14:52:38 - Most red section: Left
2025-02-18 14:52:38 - Image captured and saved to /home/cansat-stu/cansat/Camera/img_20250218-145238.jpg.
2025-02-18 14:52:38 - Threshold processed image saved to /home/cansat-stu/cansat/Camera/threshold_img_20250218-145238.jpg.
2025-02-18 14:52:38 - Left: 0.00% red area
2025-02-18 14:52:38 - Center: 0.00% red area
2025-02-18 14:52:38 - Right: 0.00% red area
2025-02-18 14:52:38 - Most red section: Left
2025-02-18 14:52:38 - Image captured and saved to /home/cansat-stu/cansat/Camera/img_20250218-145238.jpg.
2025-02-18 14:52:38 - Threshold processed image saved to /home/cansat-stu/cansat/Camera/threshold_img_20250218-145238.jpg.
2025-02-18 14:52:38 - Left: 0.00% red area
2025-02-18 14:52:38 - Center: 0.00% red area
2025-02-18 14:52:38 - Right: 0.00% red area
2025-02-18 14:52:38 - Most red section: Left
2025-02-18 14:52:38 - Image captured and saved to /home/cansat-stu/cansat/Camera/img_20250218-145238.jpg.
2025-02-18 14:52:38 - Threshold processed image saved to /home/cansat-stu/cansat/Camera/threshold_img_20250218-145238.jpg.
2025-02-18 14:52:38 - Left: 0.00% red area
2025-02-18 14:52:38 - Center: 0.00% red area
2025-02-18 14:52:38 - Right: 0.00% red area
2025-02-18 14:52:38 - Most red section: Left
2025-02-18 14:52:39 - Image captured and saved to /home/cansat-stu/cansat/Camera/img_20250218-145239.jpg.
2025-02-18 14:52:39 - Threshold processed image saved to /home/cansat-stu/cansat/Camera/threshold_img_20250218-145239.jpg.
2025-02-18 14:52:39 - Left: 0.00% red area
2025-02-18 14:52:39 - Center: 0.00% red area
2025-02-18 14:52:39 - Right: 0.00% red area
2025-02-18 14:52:39 - Most red section: Left
2025-02-18 14:52:39 - Image captured and saved to /home/cansat-stu/cansat/Camera/img_20250218-145239.jpg.
2025-02-18 14:52:39 - Threshold processed image saved to /home/cansat-stu/cansat/Camera/threshold_img_20250218-145239.jpg.
2025-02-18 14:52:39 - Left: 0.00% red area
2025-02-18 14:52:39 - Center: 0.00% red area
2025-02-18 14:52:39 - Right: 0.00% red area
2025-02-18 14:52:39 - Most red section: Left
2025-02-18 14:52:39 - Image captured and saved to /home/cansat-stu/cansat/Camera/img_20250218-145239.jpg.
2025-02-18 14:52:39 - Threshold processed image saved to /home/cansat-stu/cansat/Camera/threshold_img_20250218-145239.jpg.
2025-02-18 14:52:39 - Left: 0.00% red area
2025-02-18 14:52:39 - Center: 0.00% red area
2025-02-18 14:52:39 - Right: 0.00% red area
2025-02-18 14:52:39 - Most red section: Left
2025-02-18 14:52:39 - Image captured and saved to /home/cansat-stu/cansat/Camera/img_20250218-145239.jpg.
2025-02-18 14:52:39 - Threshold processed image saved to /home/cansat-stu/cansat/Camera/threshold_img_20250218-145239.jpg.
2025-02-18 14:52:39 - Left: 0.00% red area
2025-02-18 14:52:39 - Center: 0.00% red area
2025-02-18 14:52:39 - Right: 0.88% red area
2025-02-18 14:52:39 - Most red section: Right
2025-02-18 14:52:39 - Image captured and saved to /home/cansat-stu/cansat/Camera/img_20250218-145239.jpg.
2025-02-18 14:52:39 - Threshold processed image saved to /home/cansat-stu/cansat/Camera/threshold_img_20250218-145239.jpg.
2025-02-18 14:52:39 - Left: 0.00% red area
2025-02-18 14:52:39 - Center: 0.00% red area
2025-02-18 14:52:39 - Right: 0.00% red area
2025-02-18 14:52:39 - Most red section: Left
2025-02-18 14:52:39 - Image captured and saved to /home/cansat-stu/cansat/Camera/img_20250218-145239.jpg.
2025-02-18 14:52:39 - Threshold processed image saved to /home/cansat-stu/cansat/Camera/threshold_img_20250218-145239.jpg.
2025-02-18 14:52:39 - Left: 0.00% red area
2025-02-18 14:52:39 - Center: 0.00% red area
2025-02-18 14:52:39 - Right: 0.00% red area
2025-02-18 14:52:39 - Most red section: Left
2025-02-18 14:52:39 - Image captured and saved to /home/cansat-stu/cansat/Camera/img_20250218-145239.jpg.
2025-02-18 14:52:39 - Threshold processed image saved to /home/cansat-stu/cansat/Camera/threshold_img_20250218-145239.jpg.
2025-02-18 14:52:39 - Left: 0.00% red area
2025-02-18 14:52:39 - Center: 0.00% red area
2025-02-18 14:52:39 - Right: 0.00% red area
2025-02-18 14:52:39 - Most red section: Left
2025-02-18 14:52:40 - Image captured and saved to /home/cansat-stu/cansat/Camera/img_20250218-145240.jpg.
2025-02-18 14:52:40 - Threshold processed image saved to /home/cansat-stu/cansat/Camera/threshold_img_20250218-145240.jpg.
2025-02-18 14:52:40 - Left: 0.00% red area
2025-02-18 14:52:40 - Center: 0.00% red area
2025-02-18 14:52:40 - Right: 0.00% red area
2025-02-18 14:52:40 - Most red section: Left
2025-02-18 14:52:40 - Image captured and saved to /home/cansat-stu/cansat/Camera/img_20250218-145240.jpg.
2025-02-18 14:52:40 - Threshold processed image saved to /home/cansat-stu/cansat/Camera/threshold_img_20250218-145240.jpg.
2025-02-18 14:52:40 - Left: 0.00% red area
2025-02-18 14:52:40 - Center: 0.00% red area
2025-02-18 14:52:40 - Right: 0.00% red area
2025-02-18 14:52:40 - Most red section: Left
2025-02-18 14:52:40 - Image captured and saved to /home/cansat-stu/cansat/Camera/img_20250218-145240.jpg.
2025-02-18 14:52:40 - Threshold processed image saved to /home/cansat-stu/cansat/Camera/threshold_img_20250218-145240.jpg.
2025-02-18 14:52:40 - Left: 0.00% red area
2025-02-18 14:52:40 - Center: 0.00% red area
2025-02-18 14:52:40 - Right: 0.00% red area
2025-02-18 14:52:40 - Most red section: Left
2025-02-18 14:52:40 - Image captured and saved to /home/cansat-stu/cansat/Camera/img_20250218-145240.jpg.
2025-02-18 14:52:40 - Threshold processed image saved to /home/cansat-stu/cansat/Camera/threshold_img_20250218-145240.jpg.
2025-02-18 14:52:40 - Left: 0.00% red area
2025-02-18 14:52:40 - Center: 0.00% red area
2025-02-18 14:52:40 - Right: 0.00% red area
2025-02-18 14:52:40 - Most red section: Left
2025-02-18 14:52:40 - Image captured and saved to /home/cansat-stu/cansat/Camera/img_20250218-145240.jpg.
2025-02-18 14:52:40 - Threshold processed image saved to /home/cansat-stu/cansat/Camera/threshold_img_20250218-145240.jpg.
2025-02-18 14:52:40 - Left: 0.00% red area
2025-02-18 14:52:40 - Center: 0.00% red area
2025-02-18 14:52:40 - Right: 1.42% red area
2025-02-18 14:52:40 - Most red section: Right
2025-02-18 14:52:40 - Image captured and saved to /home/cansat-stu/cansat/Camera/img_20250218-145240.jpg.
2025-02-18 14:52:40 - Threshold processed image saved to /home/cansat-stu/cansat/Camera/threshold_img_20250218-145240.jpg.
2025-02-18 14:52:40 - Left: 0.00% red area
2025-02-18 14:52:40 - Center: 0.00% red area
2025-02-18 14:52:40 - Right: 0.00% red area
2025-02-18 14:52:40 - Most red section: Left
2025-02-18 14:52:40 - Image captured and saved to /home/cansat-stu/cansat/Camera/img_20250218-145240.jpg.
2025-02-18 14:52:40 - Threshold processed image saved to /home/cansat-stu/cansat/Camera/threshold_img_20250218-145240.jpg.
2025-02-18 14:52:40 - Left: 0.00% red area
2025-02-18 14:52:40 - Center: 0.00% red area
2025-02-18 14:52:40 - Right: 0.00% red area
2025-02-18 14:52:40 - Most red section: Left
2025-02-18 14:52:41 - Image captured and saved to /home/cansat-stu/cansat/Camera/img_20250218-145241.jpg.
2025-02-18 14:52:41 - Threshold processed image saved to /home/cansat-stu/cansat/Camera/threshold_img_20250218-145241.jpg.
2025-02-18 14:52:41 - Left: 0.00% red area
2025-02-18 14:52:41 - Center: 0.00% red area
2025-02-18 14:52:41 - Right: 0.00% red area
2025-02-18 14:52:41 - Most red section: Left
2025-02-18 14:52:41 - Image captured and saved to /home/cansat-stu/cansat/Camera/img_20250218-145241.jpg.
2025-02-18 14:52:41 - Threshold processed image saved to /home/cansat-stu/cansat/Camera/threshold_img_20250218-145241.jpg.
2025-02-18 14:52:41 - Left: 0.00% red area
2025-02-18 14:52:41 - Center: 0.00% red area
2025-02-18 14:52:41 - Right: 0.00% red area
2025-02-18 14:52:41 - Most red section: Left
2025-02-18 14:52:41 - Image captured and saved to /home/cansat-stu/cansat/Camera/img_20250218-145241.jpg.
2025-02-18 14:52:41 - Threshold processed image saved to /home/cansat-stu/cansat/Camera/threshold_img_20250218-145241.jpg.
2025-02-18 14:52:41 - Left: 0.00% red area
2025-02-18 14:52:41 - Center: 0.00% red area
2025-02-18 14:52:41 - Right: 0.00% red area
2025-02-18 14:52:41 - Most red section: Left
2025-02-18 14:52:41 - Image captured and saved to /home/cansat-stu/cansat/Camera/img_20250218-145241.jpg.
2025-02-18 14:52:41 - Threshold processed image saved to /home/cansat-stu/cansat/Camera/threshold_img_20250218-145241.jpg.
2025-02-18 14:52:41 - Left: 0.00% red area
2025-02-18 14:52:41 - Center: 0.00% red area
2025-02-18 14:52:41 - Right: 0.00% red area
2025-02-18 14:52:41 - Most red section: Left
2025-02-18 14:52:41 - Image captured and saved to /home/cansat-stu/cansat/Camera/img_20250218-145241.jpg.
2025-02-18 14:52:41 - Threshold processed image saved to /home/cansat-stu/cansat/Camera/threshold_img_20250218-145241.jpg.
2025-02-18 14:52:41 - Left: 0.00% red area
2025-02-18 14:52:41 - Center: 0.00% red area
2025-02-18 14:52:41 - Right: 0.00% red area
2025-02-18 14:52:41 - Most red section: Left
2025-02-18 14:52:41 - Image captured and saved to /home/cansat-stu/cansat/Camera/img_20250218-145241.jpg.
2025-02-18 14:52:41 - Threshold processed image saved to /home/cansat-stu/cansat/Camera/threshold_img_20250218-145241.jpg.
2025-02-18 14:52:41 - Left: 2.45% red area
2025-02-18 14:52:41 - Center: 0.00% red area
2025-02-18 14:52:41 - Right: 0.00% red area
2025-02-18 14:52:41 - Most red section: Left
2025-02-18 14:52:41 - Image captured and saved to /home/cansat-stu/cansat/Camera/img_20250218-145241.jpg.
2025-02-18 14:52:41 - Threshold processed image saved to /home/cansat-stu/cansat/Camera/threshold_img_20250218-145241.jpg.
2025-02-18 14:52:41 - Left: 0.00% red area
2025-02-18 14:52:41 - Center: 0.00% red area
2025-02-18 14:52:41 - Right: 0.00% red area
2025-02-18 14:52:41 - Most red section: Left
2025-02-18 14:52:41 - Image captured and saved to /home/cansat-stu/cansat/Camera/img_20250218-145241.jpg.
2025-02-18 14:52:41 - Threshold processed image saved to /home/cansat-stu/cansat/Camera/threshold_img_20250218-145241.jpg.
2025-02-18 14:52:41 - Left: 0.00% red area
2025-02-18 14:52:41 - Center: 0.00% red area
2025-02-18 14:52:41 - Right: 0.00% red area
2025-02-18 14:52:41 - Most red section: Left
2025-02-18 14:52:42 - Image captured and saved to /home/cansat-stu/cansat/Camera/img_20250218-145242.jpg.
2025-02-18 14:52:42 - Threshold processed image saved to /home/cansat-stu/cansat/Camera/threshold_img_20250218-145242.jpg.
2025-02-18 14:52:42 - Left: 0.00% red area
2025-02-18 14:52:42 - Center: 0.00% red area
2025-02-18 14:52:42 - Right: 0.00% red area
2025-02-18 14:52:42 - Most red section: Left
2025-02-18 14:52:42 - Image captured and saved to /home/cansat-stu/cansat/Camera/img_20250218-145242.jpg.
2025-02-18 14:52:42 - Threshold processed image saved to /home/cansat-stu/cansat/Camera/threshold_img_20250218-145242.jpg.
2025-02-18 14:52:42 - Left: 0.00% red area
2025-02-18 14:52:42 - Center: 0.00% red area
2025-02-18 14:52:42 - Right: 0.00% red area
2025-02-18 14:52:42 - Most red section: Left
2025-02-18 14:52:42 - Image captured and saved to /home/cansat-stu/cansat/Camera/img_20250218-145242.jpg.
2025-02-18 14:52:42 - Threshold processed image saved to /home/cansat-stu/cansat/Camera/threshold_img_20250218-145242.jpg.
2025-02-18 14:52:42 - Left: 0.00% red area
2025-02-18 14:52:42 - Center: 0.00% red area
2025-02-18 14:52:42 - Right: 0.00% red area
2025-02-18 14:52:42 - Most red section: Left
2025-02-18 14:52:42 - Image captured and saved to /home/cansat-stu/cansat/Camera/img_20250218-145242.jpg.
2025-02-18 14:52:42 - Threshold processed image saved to /home/cansat-stu/cansat/Camera/threshold_img_20250218-145242.jpg.
2025-02-18 14:52:42 - Left: 0.00% red area
2025-02-18 14:52:42 - Center: 0.00% red area
2025-02-18 14:52:42 - Right: 0.00% red area
2025-02-18 14:52:42 - Most red section: Left
2025-02-18 14:52:42 - Image captured and saved to /home/cansat-stu/cansat/Camera/img_20250218-145242.jpg.
2025-02-18 14:52:42 - Threshold processed image saved to /home/cansat-stu/cansat/Camera/threshold_img_20250218-145242.jpg.
2025-02-18 14:52:42 - Left: 0.00% red area
2025-02-18 14:52:42 - Center: 0.00% red area
2025-02-18 14:52:42 - Right: 0.00% red area
2025-02-18 14:52:42 - Most red section: Left
2025-02-18 14:52:42 - Image captured and saved to /home/cansat-stu/cansat/Camera/img_20250218-145242.jpg.
2025-02-18 14:52:42 - Threshold processed image saved to /home/cansat-stu/cansat/Camera/threshold_img_20250218-145242.jpg.
2025-02-18 14:52:42 - Left: 0.00% red area
2025-02-18 14:52:42 - Center: 0.00% red area
2025-02-18 14:52:42 - Right: 0.00% red area
2025-02-18 14:52:42 - Most red section: Left
2025-02-18 14:52:42 - Image captured and saved to /home/cansat-stu/cansat/Camera/img_20250218-145242.jpg.
2025-02-18 14:52:42 - Threshold processed image saved to /home/cansat-stu/cansat/Camera/threshold_img_20250218-145242.jpg.
2025-02-18 14:52:42 - Left: 0.00% red area
2025-02-18 14:52:42 - Center: 0.00% red area
2025-02-18 14:52:42 - Right: 0.00% red area
2025-02-18 14:52:42 - Most red section: Left
2025-02-18 14:52:43 - Image captured and saved to /home/cansat-stu/cansat/Camera/img_20250218-145243.jpg.
2025-02-18 14:52:43 - Threshold processed image saved to /home/cansat-stu/cansat/Camera/threshold_img_20250218-145243.jpg.
2025-02-18 14:52:43 - Left: 0.00% red area
2025-02-18 14:52:43 - Center: 0.00% red area
2025-02-18 14:52:43 - Right: 0.00% red area
2025-02-18 14:52:43 - Most red section: Left
2025-02-18 14:52:43 - Image captured and saved to /home/cansat-stu/cansat/Camera/img_20250218-145243.jpg.
2025-02-18 14:52:43 - Threshold processed image saved to /home/cansat-stu/cansat/Camera/threshold_img_20250218-145243.jpg.
2025-02-18 14:52:43 - Left: 2.88% red area
2025-02-18 14:52:43 - Center: 0.00% red area
2025-02-18 14:52:43 - Right: 0.00% red area
2025-02-18 14:52:43 - Most red section: Left
2025-02-18 14:52:43 - Image captured and saved to /home/cansat-stu/cansat/Camera/img_20250218-145243.jpg.
2025-02-18 14:52:43 - Threshold processed image saved to /home/cansat-stu/cansat/Camera/threshold_img_20250218-145243.jpg.
2025-02-18 14:52:43 - Left: 0.00% red area
2025-02-18 14:52:43 - Center: 0.00% red area
2025-02-18 14:52:43 - Right: 0.00% red area
2025-02-18 14:52:43 - Most red section: Left
2025-02-18 14:52:43 - Image captured and saved to /home/cansat-stu/cansat/Camera/img_20250218-145243.jpg.
2025-02-18 14:52:43 - Threshold processed image saved to /home/cansat-stu/cansat/Camera/threshold_img_20250218-145243.jpg.
2025-02-18 14:52:43 - Left: 0.00% red area
2025-02-18 14:52:43 - Center: 0.00% red area
2025-02-18 14:52:43 - Right: 0.00% red area
2025-02-18 14:52:43 - Most red section: Left
2025-02-18 14:52:43 - Image captured and saved to /home/cansat-stu/cansat/Camera/img_20250218-145243.jpg.
2025-02-18 14:52:43 - Threshold processed image saved to /home/cansat-stu/cansat/Camera/threshold_img_20250218-145243.jpg.
2025-02-18 14:52:43 - Left: 0.00% red area
2025-02-18 14:52:43 - Center: 0.00% red area
2025-02-18 14:52:43 - Right: 0.00% red area
2025-02-18 14:52:43 - Most red section: Left
2025-02-18 14:52:43 - Image captured and saved to /home/cansat-stu/cansat/Camera/img_20250218-145243.jpg.
2025-02-18 14:52:43 - Threshold processed image saved to /home/cansat-stu/cansat/Camera/threshold_img_20250218-145243.jpg.
2025-02-18 14:52:43 - Left: 0.00% red area
2025-02-18 14:52:43 - Center: 0.00% red area
2025-02-18 14:52:43 - Right: 0.00% red area
2025-02-18 14:52:43 - Most red section: Left
2025-02-18 14:52:43 - Image captured and saved to /home/cansat-stu/cansat/Camera/img_20250218-145243.jpg.
2025-02-18 14:52:43 - Threshold processed image saved to /home/cansat-stu/cansat/Camera/threshold_img_20250218-145243.jpg.
2025-02-18 14:52:43 - Left: 0.00% red area
2025-02-18 14:52:43 - Center: 0.00% red area
2025-02-18 14:52:43 - Right: 0.00% red area
2025-02-18 14:52:43 - Most red section: Left
2025-02-18 14:52:44 - Image captured and saved to /home/cansat-stu/cansat/Camera/img_20250218-145244.jpg.
2025-02-18 14:52:44 - Threshold processed image saved to /home/cansat-stu/cansat/Camera/threshold_img_20250218-145244.jpg.
2025-02-18 14:52:44 - Left: 0.00% red area
2025-02-18 14:52:44 - Center: 0.00% red area
2025-02-18 14:52:44 - Right: 1.21% red area
2025-02-18 14:52:44 - Most red section: Right
2025-02-18 14:52:44 - Image captured and saved to /home/cansat-stu/cansat/Camera/img_20250218-145244.jpg.
2025-02-18 14:52:44 - Threshold processed image saved to /home/cansat-stu/cansat/Camera/threshold_img_20250218-145244.jpg.
2025-02-18 14:52:44 - Left: 0.00% red area
2025-02-18 14:52:44 - Center: 0.00% red area
2025-02-18 14:52:44 - Right: 0.00% red area
2025-02-18 14:52:44 - Most red section: Left
2025-02-18 14:52:44 - Image captured and saved to /home/cansat-stu/cansat/Camera/img_20250218-145244.jpg.
2025-02-18 14:52:44 - Threshold processed image saved to /home/cansat-stu/cansat/Camera/threshold_img_20250218-145244.jpg.
2025-02-18 14:52:44 - Left: 0.00% red area
2025-02-18 14:52:44 - Center: 0.00% red area
2025-02-18 14:52:44 - Right: 0.00% red area
2025-02-18 14:52:44 - Most red section: Left
2025-02-18 14:52:44 - Image captured and saved to /home/cansat-stu/cansat/Camera/img_20250218-145244.jpg.
2025-02-18 14:52:44 - Threshold processed image saved to /home/cansat-stu/cansat/Camera/threshold_img_20250218-145244.jpg.
2025-02-18 14:52:44 - Left: 0.00% red area
2025-02-18 14:52:44 - Center: 0.00% red area
2025-02-18 14:52:44 - Right: 0.00% red area
2025-02-18 14:52:44 - Most red section: Left
2025-02-18 14:52:44 - Image captured and saved to /home/cansat-stu/cansat/Camera/img_20250218-145244.jpg.
2025-02-18 14:52:44 - Threshold processed image saved to /home/cansat-stu/cansat/Camera/threshold_img_20250218-145244.jpg.
2025-02-18 14:52:44 - Left: 0.00% red area
2025-02-18 14:52:44 - Center: 0.00% red area
2025-02-18 14:52:44 - Right: 0.00% red area
2025-02-18 14:52:44 - Most red section: Left
2025-02-18 14:52:44 - Image captured and saved to /home/cansat-stu/cansat/Camera/img_20250218-145244.jpg.
2025-02-18 14:52:44 - Threshold processed image saved to /home/cansat-stu/cansat/Camera/threshold_img_20250218-145244.jpg.
2025-02-18 14:52:44 - Left: 0.00% red area
2025-02-18 14:52:44 - Center: 0.00% red area
2025-02-18 14:52:44 - Right: 0.00% red area
2025-02-18 14:52:44 - Most red section: Left
2025-02-18 14:52:44 - Image captured and saved to /home/cansat-stu/cansat/Camera/img_20250218-145244.jpg.
2025-02-18 14:52:44 - Threshold processed image saved to /home/cansat-stu/cansat/Camera/threshold_img_20250218-145244.jpg.
2025-02-18 14:52:44 - Left: 0.00% red area
2025-02-18 14:52:44 - Center: 0.00% red area
2025-02-18 14:52:44 - Right: 0.00% red area
2025-02-18 14:52:44 - Most red section: Left
2025-02-18 14:52:45 - Image captured and saved to /home/cansat-stu/cansat/Camera/img_20250218-145245.jpg.
2025-02-18 14:52:45 - Threshold processed image saved to /home/cansat-stu/cansat/Camera/threshold_img_20250218-145245.jpg.
2025-02-18 14:52:45 - Left: 1.24% red area
2025-02-18 14:52:45 - Center: 0.00% red area
2025-02-18 14:52:45 - Right: 0.00% red area
2025-02-18 14:52:45 - Most red section: Left
2025-02-18 14:52:45 - Image captured and saved to /home/cansat-stu/cansat/Camera/img_20250218-145245.jpg.
2025-02-18 14:52:45 - Threshold processed image saved to /home/cansat-stu/cansat/Camera/threshold_img_20250218-145245.jpg.
2025-02-18 14:52:45 - Left: 0.00% red area
2025-02-18 14:52:45 - Center: 0.00% red area
2025-02-18 14:52:45 - Right: 0.00% red area
2025-02-18 14:52:45 - Most red section: Left
2025-02-18 14:52:45 - Image captured and saved to /home/cansat-stu/cansat/Camera/img_20250218-145245.jpg.
2025-02-18 14:52:45 - Threshold processed image saved to /home/cansat-stu/cansat/Camera/threshold_img_20250218-145245.jpg.
2025-02-18 14:52:45 - Left: 0.00% red area
2025-02-18 14:52:45 - Center: 0.00% red area
2025-02-18 14:52:45 - Right: 0.00% red area
2025-02-18 14:52:45 - Most red section: Left
2025-02-18 14:52:45 - Image captured and saved to /home/cansat-stu/cansat/Camera/img_20250218-145245.jpg.
2025-02-18 14:52:45 - Threshold processed image saved to /home/cansat-stu/cansat/Camera/threshold_img_20250218-145245.jpg.
2025-02-18 14:52:45 - Left: 0.00% red area
2025-02-18 14:52:45 - Center: 0.00% red area
2025-02-18 14:52:45 - Right: 0.00% red area
2025-02-18 14:52:45 - Most red section: Left
2025-02-18 14:52:54 - Image captured and saved to /home/cansat-stu/cansat/Camera/img_20250218-145245.jpg.
2025-02-18 14:52:55 - Threshold processed image saved to /home/cansat-stu/cansat/Camera/threshold_img_20250218-145245.jpg.
2025-02-18 14:52:55 - Left: 0.00% red area
2025-02-18 14:52:55 - Center: 0.00% red area
2025-02-18 14:52:55 - Right: 0.00% red area
2025-02-18 14:52:55 - Most red section: Left
2025-02-18 14:53:48 - Image captured and saved to /home/cansat-stu/cansat/Camera/img_20250218-145255.jpg.
2025-02-18 14:54:27 - Threshold processed image saved to /home/cansat-stu/cansat/Camera/threshold_img_20250218-145255.jpg.
2025-02-18 14:55:20 - Left: 0.00% red area
2025-02-18 14:55:36 - Center: 0.00% red area
2025-02-18 14:55:42 - Right: 0.00% red area
2025-02-18 14:55:46 - Most red section: Left
2025-02-18 15:46:04 - Image captured and saved to /home/cansat-stu/cansat/Camera/img_20250218-154604.jpg.
2025-02-18 15:46:04 - Threshold processed image saved to /home/cansat-stu/cansat/Camera/threshold_img_20250218-154604.jpg.
2025-02-18 15:46:04 - Red area is below 1% in all sections. Returning None.
2025-02-18 15:46:04 - An error occurred: cannot unpack non-iterable NoneType object
2025-02-18 15:46:04 - Camera stopped.
2025-02-18 15:47:08 - Image captured and saved to /home/cansat-stu/cansat/Camera/img_20250218-154707.jpg.
2025-02-18 15:47:08 - Threshold processed image saved to /home/cansat-stu/cansat/Camera/threshold_img_20250218-154707.jpg.
2025-02-18 15:47:08 - Left: 1.18% red area
2025-02-18 15:47:08 - Center: 4.00% red area
2025-02-18 15:47:08 - Right: 0.00% red area
2025-02-18 15:47:08 - Most red section: Center
2025-02-18 15:47:08 - The area with the most red is: Center
2025-02-18 15:47:08 - Camera stopped.
2025-02-18 15:48:20 - Image captured and saved to /home/cansat-stu/cansat/Camera/img_20250218-154820.jpg.
2025-02-18 15:48:20 - Threshold processed image saved to /home/cansat-stu/cansat/Camera/threshold_img_20250218-154820.jpg.
2025-02-18 15:48:20 - Red area is below 1% in all sections. Returning None.
2025-02-18 15:48:20 - An error occurred: cannot unpack non-iterable NoneType object
2025-02-18 15:48:20 - Camera stopped.
2025-02-18 15:50:04 - Image captured and saved to /home/cansat-stu/cansat/Camera/img_20250218-155003.jpg.
2025-02-18 15:50:04 - Threshold processed image saved to /home/cansat-stu/cansat/Camera/threshold_img_20250218-155003.jpg.
2025-02-18 15:50:04 - Red area is below 1% in all sections. Returning None.
2025-02-18 15:50:04 - The area with the most red is: None
2025-02-18 15:50:04 - Camera stopped.
2025-02-18 15:53:08 - Image captured and saved to /home/cansat-stu/cansat/Camera/img_20250218-155306.jpg.
2025-02-18 15:53:08 - Threshold processed image saved to /home/cansat-stu/cansat/Camera/threshold_img_20250218-155306.jpg.
2025-02-18 15:53:08 - Left: 0.00% red area
2025-02-18 15:53:08 - Center: 0.39% red area
2025-02-18 15:53:08 - Right: 0.00% red area
2025-02-18 15:53:08 - Most red section: Center
2025-02-18 15:53:08 - The area with the most red is: Center
2025-02-18 15:53:08 - Camera stopped.
2025-02-18 15:54:48 - Image captured and saved to /home/cansat-stu/cansat/Camera/img_20250218-155445.jpg.
2025-02-18 15:54:48 - Threshold processed image saved to /home/cansat-stu/cansat/Camera/threshold_img_20250218-155445.jpg.
2025-02-18 15:54:48 - Left: 0.21% red area
2025-02-18 15:54:48 - Center: 0.00% red area
2025-02-18 15:54:48 - Right: 0.00% red area
2025-02-18 15:54:48 - Most red section: Left
2025-02-18 15:54:48 - The area with the most red is: Left
2025-02-18 15:54:48 - Camera stopped.
2025-02-18 16:01:14 - Image captured and saved to /home/cansat-stu/cansat/Camera/img_20250218-160113.jpg.
2025-02-18 16:01:15 - Threshold processed image saved to /home/cansat-stu/cansat/Camera/threshold_img_20250218-160113.jpg.
2025-02-18 16:01:15 - Left: 0.00% red area
2025-02-18 16:01:15 - Center: 0.00% red area
2025-02-18 16:01:15 - Right: 0.00% red area
2025-02-18 16:01:15 - Most red section: Left
2025-02-18 16:01:15 - Red area is below 0.2% in all sections. Returning None.
2025-02-18 16:01:18 - Image captured and saved to /home/cansat-stu/cansat/Camera/img_20250218-160116.jpg.
2025-02-18 16:01:18 - Threshold processed image saved to /home/cansat-stu/cansat/Camera/threshold_img_20250218-160116.jpg.
2025-02-18 16:01:19 - Left: 0.00% red area
2025-02-18 16:01:19 - Center: 0.00% red area
2025-02-18 16:01:19 - Right: 0.00% red area
2025-02-18 16:01:19 - Most red section: Left
2025-02-18 16:01:19 - Red area is below 0.2% in all sections. Returning None.
2025-02-18 16:01:20 - Image captured and saved to /home/cansat-stu/cansat/Camera/img_20250218-160119.jpg.
2025-02-18 16:01:20 - Threshold processed image saved to /home/cansat-stu/cansat/Camera/threshold_img_20250218-160119.jpg.
2025-02-18 16:01:20 - Left: 0.00% red area
2025-02-18 16:01:20 - Center: 0.00% red area
2025-02-18 16:01:20 - Right: 0.00% red area
2025-02-18 16:01:20 - Most red section: Left
2025-02-18 16:01:20 - Red area is below 0.2% in all sections. Returning None.
2025-02-18 16:01:20 - Image captured and saved to /home/cansat-stu/cansat/Camera/img_20250218-160120.jpg.
2025-02-18 16:01:20 - Threshold processed image saved to /home/cansat-stu/cansat/Camera/threshold_img_20250218-160120.jpg.
2025-02-18 16:01:20 - Left: 0.00% red area
2025-02-18 16:01:20 - Center: 0.00% red area
2025-02-18 16:01:20 - Right: 0.00% red area
2025-02-18 16:01:20 - Most red section: Left
2025-02-18 16:01:20 - Red area is below 0.2% in all sections. Returning None.
2025-02-18 16:01:21 - Image captured and saved to /home/cansat-stu/cansat/Camera/img_20250218-160121.jpg.
2025-02-18 16:01:21 - Threshold processed image saved to /home/cansat-stu/cansat/Camera/threshold_img_20250218-160121.jpg.
2025-02-18 16:01:21 - Left: 0.00% red area
2025-02-18 16:01:21 - Center: 0.00% red area
2025-02-18 16:01:21 - Right: 0.00% red area
2025-02-18 16:01:21 - Most red section: Left
2025-02-18 16:01:21 - Red area is below 0.2% in all sections. Returning None.
2025-02-18 16:01:22 - Image captured and saved to /home/cansat-stu/cansat/Camera/img_20250218-160122.jpg.
2025-02-18 16:01:22 - Threshold processed image saved to /home/cansat-stu/cansat/Camera/threshold_img_20250218-160122.jpg.
2025-02-18 16:01:22 - Left: 0.00% red area
2025-02-18 16:01:22 - Center: 0.00% red area
2025-02-18 16:01:22 - Right: 0.00% red area
2025-02-18 16:01:22 - Most red section: Left
2025-02-18 16:01:22 - Red area is below 0.2% in all sections. Returning None.
2025-02-18 16:01:23 - Image captured and saved to /home/cansat-stu/cansat/Camera/img_20250218-160123.jpg.
2025-02-18 16:01:23 - Threshold processed image saved to /home/cansat-stu/cansat/Camera/threshold_img_20250218-160123.jpg.
2025-02-18 16:01:23 - Left: 0.00% red area
2025-02-18 16:01:23 - Center: 0.00% red area
2025-02-18 16:01:23 - Right: 0.00% red area
2025-02-18 16:01:23 - Most red section: Left
2025-02-18 16:01:23 - Red area is below 0.2% in all sections. Returning None.
2025-02-18 16:01:24 - Image captured and saved to /home/cansat-stu/cansat/Camera/img_20250218-160124.jpg.
2025-02-18 16:01:24 - Threshold processed image saved to /home/cansat-stu/cansat/Camera/threshold_img_20250218-160124.jpg.
2025-02-18 16:01:24 - Left: 0.00% red area
2025-02-18 16:01:24 - Center: 0.00% red area
2025-02-18 16:01:24 - Right: 0.00% red area
2025-02-18 16:01:24 - Most red section: Left
2025-02-18 16:01:24 - Red area is below 0.2% in all sections. Returning None.
2025-02-18 16:01:25 - Image captured and saved to /home/cansat-stu/cansat/Camera/img_20250218-160125.jpg.
2025-02-18 16:01:25 - Threshold processed image saved to /home/cansat-stu/cansat/Camera/threshold_img_20250218-160125.jpg.
2025-02-18 16:01:25 - Left: 0.00% red area
2025-02-18 16:01:25 - Center: 0.00% red area
2025-02-18 16:01:25 - Right: 0.00% red area
2025-02-18 16:01:25 - Most red section: Left
2025-02-18 16:01:25 - Red area is below 0.2% in all sections. Returning None.
2025-02-18 16:01:26 - Image captured and saved to /home/cansat-stu/cansat/Camera/img_20250218-160126.jpg.
2025-02-18 16:01:26 - Threshold processed image saved to /home/cansat-stu/cansat/Camera/threshold_img_20250218-160126.jpg.
2025-02-18 16:01:26 - Left: 0.00% red area
2025-02-18 16:01:26 - Center: 0.00% red area
2025-02-18 16:01:26 - Right: 0.00% red area
2025-02-18 16:01:26 - Most red section: Left
2025-02-18 16:01:26 - Red area is below 0.2% in all sections. Returning None.
2025-02-18 16:01:26 - Image captured and saved to /home/cansat-stu/cansat/Camera/img_20250218-160126.jpg.
2025-02-18 16:01:26 - Threshold processed image saved to /home/cansat-stu/cansat/Camera/threshold_img_20250218-160126.jpg.
2025-02-18 16:01:26 - Left: 0.00% red area
2025-02-18 16:01:26 - Center: 0.00% red area
2025-02-18 16:01:26 - Right: 0.00% red area
2025-02-18 16:01:26 - Most red section: Left
2025-02-18 16:01:26 - Red area is below 0.2% in all sections. Returning None.
2025-02-18 16:01:27 - Image captured and saved to /home/cansat-stu/cansat/Camera/img_20250218-160127.jpg.
2025-02-18 16:01:27 - Threshold processed image saved to /home/cansat-stu/cansat/Camera/threshold_img_20250218-160127.jpg.
2025-02-18 16:01:27 - Left: 0.00% red area
2025-02-18 16:01:27 - Center: 0.00% red area
2025-02-18 16:01:27 - Right: 0.00% red area
2025-02-18 16:01:27 - Most red section: Left
2025-02-18 16:01:27 - Red area is below 0.2% in all sections. Returning None.
2025-02-18 16:01:28 - Image captured and saved to /home/cansat-stu/cansat/Camera/img_20250218-160128.jpg.
2025-02-18 16:01:28 - Threshold processed image saved to /home/cansat-stu/cansat/Camera/threshold_img_20250218-160128.jpg.
2025-02-18 16:01:28 - Left: 0.00% red area
2025-02-18 16:01:28 - Center: 0.00% red area
2025-02-18 16:01:28 - Right: 0.00% red area
2025-02-18 16:01:28 - Most red section: Left
2025-02-18 16:01:28 - Red area is below 0.2% in all sections. Returning None.
2025-02-18 16:01:29 - Image captured and saved to /home/cansat-stu/cansat/Camera/img_20250218-160129.jpg.
2025-02-18 16:01:29 - Threshold processed image saved to /home/cansat-stu/cansat/Camera/threshold_img_20250218-160129.jpg.
2025-02-18 16:01:29 - Left: 0.00% red area
2025-02-18 16:01:29 - Center: 0.00% red area
2025-02-18 16:01:29 - Right: 0.00% red area
2025-02-18 16:01:29 - Most red section: Left
2025-02-18 16:01:29 - Red area is below 0.2% in all sections. Returning None.
2025-02-18 16:01:30 - Image captured and saved to /home/cansat-stu/cansat/Camera/img_20250218-160130.jpg.
2025-02-18 16:01:30 - Threshold processed image saved to /home/cansat-stu/cansat/Camera/threshold_img_20250218-160130.jpg.
2025-02-18 16:01:30 - Left: 0.00% red area
2025-02-18 16:01:30 - Center: 0.00% red area
2025-02-18 16:01:30 - Right: 0.00% red area
2025-02-18 16:01:30 - Most red section: Left
2025-02-18 16:01:30 - Red area is below 0.2% in all sections. Returning None.
2025-02-18 16:01:31 - Image captured and saved to /home/cansat-stu/cansat/Camera/img_20250218-160131.jpg.
2025-02-18 16:01:31 - Threshold processed image saved to /home/cansat-stu/cansat/Camera/threshold_img_20250218-160131.jpg.
2025-02-18 16:01:31 - Left: 0.00% red area
2025-02-18 16:01:31 - Center: 0.00% red area
2025-02-18 16:01:31 - Right: 0.00% red area
2025-02-18 16:01:31 - Most red section: Left
2025-02-18 16:01:31 - Red area is below 0.2% in all sections. Returning None.
2025-02-18 16:01:31 - Image captured and saved to /home/cansat-stu/cansat/Camera/img_20250218-160131.jpg.
2025-02-18 16:01:31 - Threshold processed image saved to /home/cansat-stu/cansat/Camera/threshold_img_20250218-160131.jpg.
2025-02-18 16:01:31 - Left: 0.00% red area
2025-02-18 16:01:31 - Center: 0.00% red area
2025-02-18 16:01:31 - Right: 0.00% red area
2025-02-18 16:01:31 - Most red section: Left
2025-02-18 16:01:31 - Red area is below 0.2% in all sections. Returning None.
2025-02-18 16:01:32 - Image captured and saved to /home/cansat-stu/cansat/Camera/img_20250218-160132.jpg.
2025-02-18 16:01:32 - Threshold processed image saved to /home/cansat-stu/cansat/Camera/threshold_img_20250218-160132.jpg.
2025-02-18 16:01:32 - Left: 0.00% red area
2025-02-18 16:01:32 - Center: 0.00% red area
2025-02-18 16:01:32 - Right: 0.00% red area
2025-02-18 16:01:32 - Most red section: Left
2025-02-18 16:01:32 - Red area is below 0.2% in all sections. Returning None.
2025-02-18 16:01:33 - Image captured and saved to /home/cansat-stu/cansat/Camera/img_20250218-160133.jpg.
2025-02-18 16:01:33 - Threshold processed image saved to /home/cansat-stu/cansat/Camera/threshold_img_20250218-160133.jpg.
2025-02-18 16:01:33 - Left: 0.00% red area
2025-02-18 16:01:33 - Center: 0.00% red area
2025-02-18 16:01:33 - Right: 0.00% red area
2025-02-18 16:01:33 - Most red section: Left
2025-02-18 16:01:33 - Red area is below 0.2% in all sections. Returning None.
2025-02-18 16:01:34 - Image captured and saved to /home/cansat-stu/cansat/Camera/img_20250218-160134.jpg.
2025-02-18 16:01:34 - Threshold processed image saved to /home/cansat-stu/cansat/Camera/threshold_img_20250218-160134.jpg.
2025-02-18 16:01:34 - Left: 0.00% red area
2025-02-18 16:01:34 - Center: 0.00% red area
2025-02-18 16:01:34 - Right: 0.00% red area
2025-02-18 16:01:34 - Most red section: Left
2025-02-18 16:01:34 - Red area is below 0.2% in all sections. Returning None.
2025-02-18 16:01:35 - Image captured and saved to /home/cansat-stu/cansat/Camera/img_20250218-160135.jpg.
2025-02-18 16:01:35 - Threshold processed image saved to /home/cansat-stu/cansat/Camera/threshold_img_20250218-160135.jpg.
2025-02-18 16:01:35 - Left: 0.67% red area
2025-02-18 16:01:35 - Center: 0.00% red area
2025-02-18 16:01:35 - Right: 0.00% red area
2025-02-18 16:01:35 - Most red section: Left
2025-02-18 16:01:37 - Image captured and saved to /home/cansat-stu/cansat/Camera/img_20250218-160136.jpg.
2025-02-18 16:01:37 - Threshold processed image saved to /home/cansat-stu/cansat/Camera/threshold_img_20250218-160136.jpg.
2025-02-18 16:01:37 - Left: 0.00% red area
2025-02-18 16:01:37 - Center: 0.00% red area
2025-02-18 16:01:37 - Right: 0.00% red area
2025-02-18 16:01:37 - Most red section: Left
2025-02-18 16:01:37 - Red area is below 0.2% in all sections. Returning None.
2025-02-18 16:01:38 - Image captured and saved to /home/cansat-stu/cansat/Camera/img_20250218-160138.jpg.
2025-02-18 16:01:38 - Threshold processed image saved to /home/cansat-stu/cansat/Camera/threshold_img_20250218-160138.jpg.
2025-02-18 16:01:38 - Left: 0.00% red area
2025-02-18 16:01:38 - Center: 0.00% red area
2025-02-18 16:01:38 - Right: 0.00% red area
2025-02-18 16:01:38 - Most red section: Left
2025-02-18 16:01:38 - Red area is below 0.2% in all sections. Returning None.
2025-02-18 16:01:38 - Image captured and saved to /home/cansat-stu/cansat/Camera/img_20250218-160138.jpg.
2025-02-18 16:01:39 - Threshold processed image saved to /home/cansat-stu/cansat/Camera/threshold_img_20250218-160138.jpg.
2025-02-18 16:01:39 - Left: 0.00% red area
2025-02-18 16:01:39 - Center: 0.00% red area
2025-02-18 16:01:39 - Right: 0.00% red area
2025-02-18 16:01:39 - Most red section: Left
2025-02-18 16:01:39 - Red area is below 0.2% in all sections. Returning None.
2025-02-18 16:01:40 - Image captured and saved to /home/cansat-stu/cansat/Camera/img_20250218-160139.jpg.
2025-02-18 16:01:40 - Threshold processed image saved to /home/cansat-stu/cansat/Camera/threshold_img_20250218-160139.jpg.
2025-02-18 16:01:40 - Left: 0.00% red area
2025-02-18 16:01:40 - Center: 0.00% red area
2025-02-18 16:01:40 - Right: 0.00% red area
2025-02-18 16:01:40 - Most red section: Left
2025-02-18 16:01:40 - Red area is below 0.2% in all sections. Returning None.
2025-02-18 16:01:41 - Image captured and saved to /home/cansat-stu/cansat/Camera/img_20250218-160141.jpg.
2025-02-18 16:01:41 - Threshold processed image saved to /home/cansat-stu/cansat/Camera/threshold_img_20250218-160141.jpg.
2025-02-18 16:01:41 - Left: 0.00% red area
2025-02-18 16:01:41 - Center: 0.00% red area
2025-02-18 16:01:41 - Right: 0.00% red area
2025-02-18 16:01:41 - Most red section: Left
2025-02-18 16:01:41 - Red area is below 0.2% in all sections. Returning None.
2025-02-18 16:01:42 - Image captured and saved to /home/cansat-stu/cansat/Camera/img_20250218-160142.jpg.
2025-02-18 16:01:42 - Threshold processed image saved to /home/cansat-stu/cansat/Camera/threshold_img_20250218-160142.jpg.
2025-02-18 16:01:42 - Left: 0.00% red area
2025-02-18 16:01:42 - Center: 0.00% red area
2025-02-18 16:01:42 - Right: 0.00% red area
2025-02-18 16:01:42 - Most red section: Left
2025-02-18 16:01:42 - Red area is below 0.2% in all sections. Returning None.
2025-02-18 16:03:08 - Image captured and saved to /home/cansat-stu/cansat/Camera/img_20250218-160307.jpg.
2025-02-18 16:03:08 - Threshold processed image saved to /home/cansat-stu/cansat/Camera/threshold_img_20250218-160307.jpg.
2025-02-18 16:03:08 - Left: 0.00% red area
2025-02-18 16:03:08 - Center: 0.00% red area
2025-02-18 16:03:08 - Right: 0.00% red area
2025-02-18 16:03:08 - Most red section: Left
2025-02-18 16:03:08 - Red area is below 0.2% in all sections. Returning None.
2025-02-18 16:03:09 - Image captured and saved to /home/cansat-stu/cansat/Camera/img_20250218-160309.jpg.
2025-02-18 16:03:09 - Threshold processed image saved to /home/cansat-stu/cansat/Camera/threshold_img_20250218-160309.jpg.
2025-02-18 16:03:09 - Left: 0.00% red area
2025-02-18 16:03:09 - Center: 0.00% red area
2025-02-18 16:03:09 - Right: 0.00% red area
2025-02-18 16:03:09 - Most red section: Left
2025-02-18 16:03:09 - Red area is below 0.2% in all sections. Returning None.
2025-02-18 16:03:10 - Image captured and saved to /home/cansat-stu/cansat/Camera/img_20250218-160310.jpg.
2025-02-18 16:03:10 - Threshold processed image saved to /home/cansat-stu/cansat/Camera/threshold_img_20250218-160310.jpg.
2025-02-18 16:03:10 - Left: 0.00% red area
2025-02-18 16:03:10 - Center: 0.00% red area
2025-02-18 16:03:10 - Right: 0.00% red area
2025-02-18 16:03:10 - Most red section: Left
2025-02-18 16:03:10 - Red area is below 0.2% in all sections. Returning None.
2025-02-18 16:03:11 - Image captured and saved to /home/cansat-stu/cansat/Camera/img_20250218-160311.jpg.
2025-02-18 16:03:11 - Threshold processed image saved to /home/cansat-stu/cansat/Camera/threshold_img_20250218-160311.jpg.
2025-02-18 16:03:11 - Left: 0.00% red area
2025-02-18 16:03:11 - Center: 0.00% red area
2025-02-18 16:03:11 - Right: 0.00% red area
2025-02-18 16:03:11 - Most red section: Left
2025-02-18 16:03:11 - Red area is below 0.2% in all sections. Returning None.
2025-02-18 16:03:11 - Image captured and saved to /home/cansat-stu/cansat/Camera/img_20250218-160311.jpg.
2025-02-18 16:03:11 - Threshold processed image saved to /home/cansat-stu/cansat/Camera/threshold_img_20250218-160311.jpg.
2025-02-18 16:03:11 - Left: 0.00% red area
2025-02-18 16:03:11 - Center: 0.00% red area
2025-02-18 16:03:11 - Right: 0.00% red area
2025-02-18 16:03:11 - Most red section: Left
2025-02-18 16:03:11 - Red area is below 0.2% in all sections. Returning None.
2025-02-18 16:03:12 - Image captured and saved to /home/cansat-stu/cansat/Camera/img_20250218-160312.jpg.
2025-02-18 16:03:12 - Threshold processed image saved to /home/cansat-stu/cansat/Camera/threshold_img_20250218-160312.jpg.
2025-02-18 16:03:12 - Left: 0.00% red area
2025-02-18 16:03:12 - Center: 0.00% red area
2025-02-18 16:03:12 - Right: 0.00% red area
2025-02-18 16:03:12 - Most red section: Left
2025-02-18 16:03:12 - Red area is below 0.2% in all sections. Returning None.
2025-02-18 16:03:13 - Image captured and saved to /home/cansat-stu/cansat/Camera/img_20250218-160313.jpg.
2025-02-18 16:03:13 - Threshold processed image saved to /home/cansat-stu/cansat/Camera/threshold_img_20250218-160313.jpg.
2025-02-18 16:03:13 - Left: 0.00% red area
2025-02-18 16:03:13 - Center: 0.00% red area
2025-02-18 16:03:13 - Right: 0.00% red area
2025-02-18 16:03:13 - Most red section: Left
2025-02-18 16:03:13 - Red area is below 0.2% in all sections. Returning None.
2025-02-18 16:03:14 - Image captured and saved to /home/cansat-stu/cansat/Camera/img_20250218-160314.jpg.
2025-02-18 16:03:14 - Threshold processed image saved to /home/cansat-stu/cansat/Camera/threshold_img_20250218-160314.jpg.
2025-02-18 16:03:14 - Left: 0.00% red area
2025-02-18 16:03:14 - Center: 0.00% red area
2025-02-18 16:03:14 - Right: 0.00% red area
2025-02-18 16:03:14 - Most red section: Left
2025-02-18 16:03:14 - Red area is below 0.2% in all sections. Returning None.
2025-02-18 16:03:15 - Image captured and saved to /home/cansat-stu/cansat/Camera/img_20250218-160315.jpg.
2025-02-18 16:03:15 - Threshold processed image saved to /home/cansat-stu/cansat/Camera/threshold_img_20250218-160315.jpg.
2025-02-18 16:03:15 - Left: 0.00% red area
2025-02-18 16:03:15 - Center: 0.00% red area
2025-02-18 16:03:15 - Right: 0.00% red area
2025-02-18 16:03:15 - Most red section: Left
2025-02-18 16:03:15 - Red area is below 0.2% in all sections. Returning None.
2025-02-18 16:03:16 - Image captured and saved to /home/cansat-stu/cansat/Camera/img_20250218-160316.jpg.
2025-02-18 16:03:16 - Threshold processed image saved to /home/cansat-stu/cansat/Camera/threshold_img_20250218-160316.jpg.
2025-02-18 16:03:16 - Left: 0.00% red area
2025-02-18 16:03:16 - Center: 0.00% red area
2025-02-18 16:03:16 - Right: 0.00% red area
2025-02-18 16:03:16 - Most red section: Left
2025-02-18 16:03:16 - Red area is below 0.2% in all sections. Returning None.
2025-02-18 16:03:17 - Image captured and saved to /home/cansat-stu/cansat/Camera/img_20250218-160316.jpg.
2025-02-18 16:03:17 - Threshold processed image saved to /home/cansat-stu/cansat/Camera/threshold_img_20250218-160316.jpg.
2025-02-18 16:03:17 - Left: 0.00% red area
2025-02-18 16:03:17 - Center: 0.00% red area
2025-02-18 16:03:17 - Right: 0.00% red area
2025-02-18 16:03:17 - Most red section: Left
2025-02-18 16:03:17 - Red area is below 0.2% in all sections. Returning None.
2025-02-18 16:03:17 - Image captured and saved to /home/cansat-stu/cansat/Camera/img_20250218-160317.jpg.
2025-02-18 16:03:17 - Threshold processed image saved to /home/cansat-stu/cansat/Camera/threshold_img_20250218-160317.jpg.
2025-02-18 16:03:17 - Left: 0.00% red area
2025-02-18 16:03:17 - Center: 0.00% red area
2025-02-18 16:03:17 - Right: 0.00% red area
2025-02-18 16:03:17 - Most red section: Left
2025-02-18 16:03:17 - Red area is below 0.2% in all sections. Returning None.
2025-02-18 16:03:18 - Image captured and saved to /home/cansat-stu/cansat/Camera/img_20250218-160318.jpg.
2025-02-18 16:03:18 - Threshold processed image saved to /home/cansat-stu/cansat/Camera/threshold_img_20250218-160318.jpg.
2025-02-18 16:03:18 - Left: 0.00% red area
2025-02-18 16:03:18 - Center: 0.00% red area
2025-02-18 16:03:18 - Right: 0.00% red area
2025-02-18 16:03:18 - Most red section: Left
2025-02-18 16:03:18 - Red area is below 0.2% in all sections. Returning None.
2025-02-18 16:03:19 - Image captured and saved to /home/cansat-stu/cansat/Camera/img_20250218-160319.jpg.
2025-02-18 16:03:19 - Threshold processed image saved to /home/cansat-stu/cansat/Camera/threshold_img_20250218-160319.jpg.
2025-02-18 16:03:19 - Left: 0.00% red area
2025-02-18 16:03:19 - Center: 0.00% red area
2025-02-18 16:03:19 - Right: 0.00% red area
2025-02-18 16:03:19 - Most red section: Left
2025-02-18 16:03:19 - Red area is below 0.2% in all sections. Returning None.
2025-02-18 16:03:20 - Image captured and saved to /home/cansat-stu/cansat/Camera/img_20250218-160320.jpg.
2025-02-18 16:03:20 - Threshold processed image saved to /home/cansat-stu/cansat/Camera/threshold_img_20250218-160320.jpg.
2025-02-18 16:03:20 - Left: 0.00% red area
2025-02-18 16:03:20 - Center: 0.00% red area
2025-02-18 16:03:20 - Right: 0.00% red area
2025-02-18 16:03:20 - Most red section: Left
2025-02-18 16:03:20 - Red area is below 0.2% in all sections. Returning None.
2025-02-18 16:03:21 - Image captured and saved to /home/cansat-stu/cansat/Camera/img_20250218-160321.jpg.
2025-02-18 16:03:21 - Threshold processed image saved to /home/cansat-stu/cansat/Camera/threshold_img_20250218-160321.jpg.
2025-02-18 16:03:21 - Left: 0.00% red area
2025-02-18 16:03:21 - Center: 0.00% red area
2025-02-18 16:03:21 - Right: 0.00% red area
2025-02-18 16:03:21 - Most red section: Left
2025-02-18 16:03:21 - Red area is below 0.2% in all sections. Returning None.
2025-02-18 16:03:22 - Image captured and saved to /home/cansat-stu/cansat/Camera/img_20250218-160322.jpg.
2025-02-18 16:03:22 - Threshold processed image saved to /home/cansat-stu/cansat/Camera/threshold_img_20250218-160322.jpg.
2025-02-18 16:03:22 - Left: 1.03% red area
2025-02-18 16:03:22 - Center: 16.18% red area
2025-02-18 16:03:22 - Right: 0.00% red area
2025-02-18 16:03:22 - Most red section: Center
2025-02-18 16:03:23 - Image captured and saved to /home/cansat-stu/cansat/Camera/img_20250218-160323.jpg.
2025-02-18 16:03:23 - Threshold processed image saved to /home/cansat-stu/cansat/Camera/threshold_img_20250218-160323.jpg.
2025-02-18 16:03:23 - Left: 0.00% red area
2025-02-18 16:03:23 - Center: 0.00% red area
2025-02-18 16:03:23 - Right: 0.00% red area
2025-02-18 16:03:23 - Most red section: Left
2025-02-18 16:03:23 - Red area is below 0.2% in all sections. Returning None.
2025-02-18 16:03:24 - Image captured and saved to /home/cansat-stu/cansat/Camera/img_20250218-160324.jpg.
2025-02-18 16:03:24 - Threshold processed image saved to /home/cansat-stu/cansat/Camera/threshold_img_20250218-160324.jpg.
2025-02-18 16:03:24 - Left: 0.00% red area
2025-02-18 16:03:24 - Center: 0.00% red area
2025-02-18 16:03:24 - Right: 0.00% red area
2025-02-18 16:03:24 - Most red section: Left
2025-02-18 16:03:24 - Red area is below 0.2% in all sections. Returning None.
2025-02-18 16:03:25 - Image captured and saved to /home/cansat-stu/cansat/Camera/img_20250218-160325.jpg.
2025-02-18 16:03:25 - Threshold processed image saved to /home/cansat-stu/cansat/Camera/threshold_img_20250218-160325.jpg.
2025-02-18 16:03:25 - Left: 0.00% red area
2025-02-18 16:03:25 - Center: 0.00% red area
2025-02-18 16:03:25 - Right: 0.00% red area
2025-02-18 16:03:25 - Most red section: Left
2025-02-18 16:03:25 - Red area is below 0.2% in all sections. Returning None.
2025-02-18 16:03:26 - Image captured and saved to /home/cansat-stu/cansat/Camera/img_20250218-160326.jpg.
2025-02-18 16:03:26 - Threshold processed image saved to /home/cansat-stu/cansat/Camera/threshold_img_20250218-160326.jpg.
2025-02-18 16:03:26 - Left: 0.00% red area
2025-02-18 16:03:26 - Center: 0.00% red area
2025-02-18 16:03:26 - Right: 0.00% red area
2025-02-18 16:03:26 - Most red section: Left
2025-02-18 16:03:26 - Red area is below 0.2% in all sections. Returning None.
2025-02-18 16:03:27 - Image captured and saved to /home/cansat-stu/cansat/Camera/img_20250218-160327.jpg.
2025-02-18 16:03:27 - Threshold processed image saved to /home/cansat-stu/cansat/Camera/threshold_img_20250218-160327.jpg.
2025-02-18 16:03:27 - Left: 0.00% red area
2025-02-18 16:03:27 - Center: 0.00% red area
2025-02-18 16:03:27 - Right: 0.00% red area
2025-02-18 16:03:27 - Most red section: Left
2025-02-18 16:03:27 - Red area is below 0.2% in all sections. Returning None.
2025-02-18 16:03:28 - Image captured and saved to /home/cansat-stu/cansat/Camera/img_20250218-160328.jpg.
2025-02-18 16:03:28 - Threshold processed image saved to /home/cansat-stu/cansat/Camera/threshold_img_20250218-160328.jpg.
2025-02-18 16:03:28 - Left: 0.00% red area
2025-02-18 16:03:28 - Center: 0.00% red area
2025-02-18 16:03:28 - Right: 0.00% red area
2025-02-18 16:03:28 - Most red section: Left
2025-02-18 16:03:28 - Red area is below 0.2% in all sections. Returning None.
2025-02-18 16:03:29 - Image captured and saved to /home/cansat-stu/cansat/Camera/img_20250218-160329.jpg.
2025-02-18 16:03:29 - Threshold processed image saved to /home/cansat-stu/cansat/Camera/threshold_img_20250218-160329.jpg.
2025-02-18 16:03:29 - Left: 0.00% red area
2025-02-18 16:03:29 - Center: 0.00% red area
2025-02-18 16:03:29 - Right: 0.00% red area
2025-02-18 16:03:29 - Most red section: Left
2025-02-18 16:03:29 - Red area is below 0.2% in all sections. Returning None.
2025-02-18 16:03:29 - Image captured and saved to /home/cansat-stu/cansat/Camera/img_20250218-160329.jpg.
2025-02-18 16:03:29 - Threshold processed image saved to /home/cansat-stu/cansat/Camera/threshold_img_20250218-160329.jpg.
2025-02-18 16:03:29 - Left: 0.00% red area
2025-02-18 16:03:29 - Center: 0.00% red area
2025-02-18 16:03:29 - Right: 0.00% red area
2025-02-18 16:03:29 - Most red section: Left
2025-02-18 16:03:29 - Red area is below 0.2% in all sections. Returning None.
2025-02-18 16:03:30 - Image captured and saved to /home/cansat-stu/cansat/Camera/img_20250218-160330.jpg.
2025-02-18 16:03:30 - Threshold processed image saved to /home/cansat-stu/cansat/Camera/threshold_img_20250218-160330.jpg.
2025-02-18 16:03:30 - Left: 0.00% red area
2025-02-18 16:03:30 - Center: 10.00% red area
2025-02-18 16:03:30 - Right: 0.00% red area
2025-02-18 16:03:30 - Most red section: Center
2025-02-18 16:03:32 - Image captured and saved to /home/cansat-stu/cansat/Camera/img_20250218-160332.jpg.
2025-02-18 16:03:32 - Threshold processed image saved to /home/cansat-stu/cansat/Camera/threshold_img_20250218-160332.jpg.
2025-02-18 16:03:32 - Left: 0.00% red area
2025-02-18 16:03:32 - Center: 0.00% red area
2025-02-18 16:03:32 - Right: 0.00% red area
2025-02-18 16:03:32 - Most red section: Left
2025-02-18 16:03:32 - Red area is below 0.2% in all sections. Returning None.
2025-02-18 16:03:33 - Image captured and saved to /home/cansat-stu/cansat/Camera/img_20250218-160333.jpg.
2025-02-18 16:03:33 - Threshold processed image saved to /home/cansat-stu/cansat/Camera/threshold_img_20250218-160333.jpg.
2025-02-18 16:03:33 - Left: 0.00% red area
2025-02-18 16:03:33 - Center: 0.00% red area
2025-02-18 16:03:33 - Right: 0.00% red area
2025-02-18 16:03:33 - Most red section: Left
2025-02-18 16:03:33 - Red area is below 0.2% in all sections. Returning None.
2025-02-18 16:03:34 - Image captured and saved to /home/cansat-stu/cansat/Camera/img_20250218-160334.jpg.
2025-02-18 16:03:34 - Threshold processed image saved to /home/cansat-stu/cansat/Camera/threshold_img_20250218-160334.jpg.
2025-02-18 16:03:34 - Left: 0.00% red area
2025-02-18 16:03:34 - Center: 0.00% red area
2025-02-18 16:03:34 - Right: 0.00% red area
2025-02-18 16:03:34 - Most red section: Left
2025-02-18 16:03:34 - Red area is below 0.2% in all sections. Returning None.
2025-02-18 16:03:35 - Image captured and saved to /home/cansat-stu/cansat/Camera/img_20250218-160335.jpg.
2025-02-18 16:03:35 - Threshold processed image saved to /home/cansat-stu/cansat/Camera/threshold_img_20250218-160335.jpg.
2025-02-18 16:03:35 - Left: 0.00% red area
2025-02-18 16:03:35 - Center: 0.00% red area
2025-02-18 16:03:35 - Right: 0.00% red area
2025-02-18 16:03:35 - Most red section: Left
2025-02-18 16:03:35 - Red area is below 0.2% in all sections. Returning None.
2025-02-18 16:03:35 - Image captured and saved to /home/cansat-stu/cansat/Camera/img_20250218-160335.jpg.
2025-02-18 16:03:35 - Threshold processed image saved to /home/cansat-stu/cansat/Camera/threshold_img_20250218-160335.jpg.
2025-02-18 16:03:35 - Left: 0.00% red area
2025-02-18 16:03:35 - Center: 2.06% red area
2025-02-18 16:03:35 - Right: 2.30% red area
2025-02-18 16:03:35 - Most red section: Right
2025-02-18 16:03:37 - Image captured and saved to /home/cansat-stu/cansat/Camera/img_20250218-160337.jpg.
2025-02-18 16:03:37 - Threshold processed image saved to /home/cansat-stu/cansat/Camera/threshold_img_20250218-160337.jpg.
2025-02-18 16:03:37 - Left: 0.00% red area
2025-02-18 16:03:37 - Center: 0.00% red area
2025-02-18 16:03:37 - Right: 0.00% red area
2025-02-18 16:03:37 - Most red section: Left
2025-02-18 16:03:37 - Red area is below 0.2% in all sections. Returning None.
2025-02-18 16:03:38 - Image captured and saved to /home/cansat-stu/cansat/Camera/img_20250218-160338.jpg.
2025-02-18 16:03:38 - Threshold processed image saved to /home/cansat-stu/cansat/Camera/threshold_img_20250218-160338.jpg.
2025-02-18 16:03:38 - Left: 0.00% red area
2025-02-18 16:03:38 - Center: 0.00% red area
2025-02-18 16:03:38 - Right: 0.00% red area
2025-02-18 16:03:38 - Most red section: Left
2025-02-18 16:03:38 - Red area is below 0.2% in all sections. Returning None.
2025-02-18 16:03:38 - Image captured and saved to /home/cansat-stu/cansat/Camera/img_20250218-160338.jpg.
2025-02-18 16:03:38 - Threshold processed image saved to /home/cansat-stu/cansat/Camera/threshold_img_20250218-160338.jpg.
2025-02-18 16:03:38 - Left: 0.00% red area
2025-02-18 16:03:38 - Center: 0.00% red area
2025-02-18 16:03:38 - Right: 0.00% red area
2025-02-18 16:03:38 - Most red section: Left
2025-02-18 16:03:38 - Red area is below 0.2% in all sections. Returning None.
2025-02-18 16:03:39 - Image captured and saved to /home/cansat-stu/cansat/Camera/img_20250218-160339.jpg.
2025-02-18 16:03:39 - Threshold processed image saved to /home/cansat-stu/cansat/Camera/threshold_img_20250218-160339.jpg.
2025-02-18 16:03:39 - Left: 0.00% red area
2025-02-18 16:03:39 - Center: 0.00% red area
2025-02-18 16:03:39 - Right: 0.00% red area
2025-02-18 16:03:39 - Most red section: Left
2025-02-18 16:03:39 - Red area is below 0.2% in all sections. Returning None.
2025-02-18 16:03:40 - Image captured and saved to /home/cansat-stu/cansat/Camera/img_20250218-160340.jpg.
2025-02-18 16:03:40 - Threshold processed image saved to /home/cansat-stu/cansat/Camera/threshold_img_20250218-160340.jpg.
2025-02-18 16:03:40 - Left: 0.00% red area
2025-02-18 16:03:40 - Center: 0.00% red area
2025-02-18 16:03:40 - Right: 0.00% red area
2025-02-18 16:03:40 - Most red section: Left
2025-02-18 16:03:40 - Red area is below 0.2% in all sections. Returning None.
2025-02-18 16:03:41 - Image captured and saved to /home/cansat-stu/cansat/Camera/img_20250218-160341.jpg.
2025-02-18 16:03:41 - Threshold processed image saved to /home/cansat-stu/cansat/Camera/threshold_img_20250218-160341.jpg.
2025-02-18 16:03:41 - Left: 0.00% red area
2025-02-18 16:03:41 - Center: 0.00% red area
2025-02-18 16:03:41 - Right: 0.00% red area
2025-02-18 16:03:41 - Most red section: Left
2025-02-18 16:03:41 - Red area is below 0.2% in all sections. Returning None.
2025-02-18 16:03:42 - Image captured and saved to /home/cansat-stu/cansat/Camera/img_20250218-160342.jpg.
2025-02-18 16:03:42 - Threshold processed image saved to /home/cansat-stu/cansat/Camera/threshold_img_20250218-160342.jpg.
2025-02-18 16:03:42 - Left: 1.12% red area
2025-02-18 16:03:42 - Center: 0.00% red area
2025-02-18 16:03:42 - Right: 0.00% red area
2025-02-18 16:03:42 - Most red section: Left
2025-02-18 16:03:43 - Image captured and saved to /home/cansat-stu/cansat/Camera/img_20250218-160343.jpg.
2025-02-18 16:03:43 - Threshold processed image saved to /home/cansat-stu/cansat/Camera/threshold_img_20250218-160343.jpg.
2025-02-18 16:03:43 - Left: 0.00% red area
2025-02-18 16:03:43 - Center: 0.00% red area
2025-02-18 16:03:43 - Right: 1.42% red area
2025-02-18 16:03:43 - Most red section: Right
2025-02-18 16:03:44 - Image captured and saved to /home/cansat-stu/cansat/Camera/img_20250218-160344.jpg.
2025-02-18 16:03:44 - Threshold processed image saved to /home/cansat-stu/cansat/Camera/threshold_img_20250218-160344.jpg.
2025-02-18 16:03:44 - Left: 0.00% red area
2025-02-18 16:03:44 - Center: 0.00% red area
2025-02-18 16:03:44 - Right: 0.00% red area
2025-02-18 16:03:44 - Most red section: Left
2025-02-18 16:03:44 - Red area is below 0.2% in all sections. Returning None.
2025-02-18 16:06:02 - Image captured and saved to /home/cansat-stu/cansat/Camera/img_20250218-160601.jpg.
2025-02-18 16:06:02 - Threshold processed image saved to /home/cansat-stu/cansat/Camera/threshold_img_20250218-160601.jpg.
2025-02-18 16:06:02 - Left: 0.00% red area
2025-02-18 16:06:02 - Center: 0.00% red area
2025-02-18 16:06:02 - Right: 0.00% red area
2025-02-18 16:06:02 - Most red section: Left
2025-02-18 16:06:02 - Red area is below 0.05% in all sections. Returning None.
2025-02-18 16:06:04 - Image captured and saved to /home/cansat-stu/cansat/Camera/img_20250218-160603.jpg.
2025-02-18 16:06:04 - Threshold processed image saved to /home/cansat-stu/cansat/Camera/threshold_img_20250218-160603.jpg.
2025-02-18 16:06:04 - Left: 0.00% red area
2025-02-18 16:06:04 - Center: 0.00% red area
2025-02-18 16:06:04 - Right: 0.00% red area
2025-02-18 16:06:04 - Most red section: Left
2025-02-18 16:06:04 - Red area is below 0.05% in all sections. Returning None.
2025-02-18 16:06:05 - Image captured and saved to /home/cansat-stu/cansat/Camera/img_20250218-160605.jpg.
2025-02-18 16:06:05 - Threshold processed image saved to /home/cansat-stu/cansat/Camera/threshold_img_20250218-160605.jpg.
2025-02-18 16:06:05 - Left: 0.00% red area
2025-02-18 16:06:05 - Center: 0.00% red area
2025-02-18 16:06:05 - Right: 0.00% red area
2025-02-18 16:06:05 - Most red section: Left
2025-02-18 16:06:05 - Red area is below 0.05% in all sections. Returning None.
2025-02-18 16:06:06 - Image captured and saved to /home/cansat-stu/cansat/Camera/img_20250218-160606.jpg.
2025-02-18 16:06:06 - Threshold processed image saved to /home/cansat-stu/cansat/Camera/threshold_img_20250218-160606.jpg.
2025-02-18 16:06:06 - Left: 0.00% red area
2025-02-18 16:06:06 - Center: 0.00% red area
2025-02-18 16:06:06 - Right: 0.00% red area
2025-02-18 16:06:06 - Most red section: Left
2025-02-18 16:06:06 - Red area is below 0.05% in all sections. Returning None.
2025-02-18 16:06:08 - Image captured and saved to /home/cansat-stu/cansat/Camera/img_20250218-160608.jpg.
2025-02-18 16:06:08 - Threshold processed image saved to /home/cansat-stu/cansat/Camera/threshold_img_20250218-160608.jpg.
2025-02-18 16:06:08 - Left: 0.00% red area
2025-02-18 16:06:08 - Center: 0.00% red area
2025-02-18 16:06:08 - Right: 0.00% red area
2025-02-18 16:06:08 - Most red section: Left
2025-02-18 16:06:08 - Red area is below 0.05% in all sections. Returning None.
2025-02-18 16:06:09 - Image captured and saved to /home/cansat-stu/cansat/Camera/img_20250218-160609.jpg.
2025-02-18 16:06:09 - Threshold processed image saved to /home/cansat-stu/cansat/Camera/threshold_img_20250218-160609.jpg.
2025-02-18 16:06:09 - Left: 0.00% red area
2025-02-18 16:06:09 - Center: 0.00% red area
2025-02-18 16:06:09 - Right: 0.00% red area
2025-02-18 16:06:09 - Most red section: Left
2025-02-18 16:06:09 - Red area is below 0.05% in all sections. Returning None.
2025-02-18 16:06:10 - Image captured and saved to /home/cansat-stu/cansat/Camera/img_20250218-160610.jpg.
2025-02-18 16:06:10 - Threshold processed image saved to /home/cansat-stu/cansat/Camera/threshold_img_20250218-160610.jpg.
2025-02-18 16:06:10 - Left: 0.00% red area
2025-02-18 16:06:10 - Center: 0.00% red area
2025-02-18 16:06:10 - Right: 0.00% red area
2025-02-18 16:06:10 - Most red section: Left
2025-02-18 16:06:10 - Red area is below 0.05% in all sections. Returning None.
2025-02-18 16:06:12 - Image captured and saved to /home/cansat-stu/cansat/Camera/img_20250218-160611.jpg.
2025-02-18 16:06:12 - Threshold processed image saved to /home/cansat-stu/cansat/Camera/threshold_img_20250218-160611.jpg.
2025-02-18 16:06:12 - Left: 0.00% red area
2025-02-18 16:06:12 - Center: 0.00% red area
2025-02-18 16:06:12 - Right: 0.00% red area
2025-02-18 16:06:12 - Most red section: Left
2025-02-18 16:06:12 - Red area is below 0.05% in all sections. Returning None.
2025-02-18 16:06:13 - Image captured and saved to /home/cansat-stu/cansat/Camera/img_20250218-160613.jpg.
2025-02-18 16:06:13 - Threshold processed image saved to /home/cansat-stu/cansat/Camera/threshold_img_20250218-160613.jpg.
2025-02-18 16:06:13 - Left: 0.00% red area
2025-02-18 16:06:13 - Center: 0.00% red area
2025-02-18 16:06:13 - Right: 0.00% red area
2025-02-18 16:06:13 - Most red section: Left
2025-02-18 16:06:13 - Red area is below 0.05% in all sections. Returning None.
2025-02-18 16:06:14 - Image captured and saved to /home/cansat-stu/cansat/Camera/img_20250218-160614.jpg.
2025-02-18 16:06:14 - Threshold processed image saved to /home/cansat-stu/cansat/Camera/threshold_img_20250218-160614.jpg.
2025-02-18 16:06:14 - Left: 0.00% red area
2025-02-18 16:06:14 - Center: 0.64% red area
2025-02-18 16:06:14 - Right: 0.00% red area
2025-02-18 16:06:14 - Most red section: Center
2025-02-18 16:06:15 - Image captured and saved to /home/cansat-stu/cansat/Camera/img_20250218-160615.jpg.
2025-02-18 16:06:15 - Threshold processed image saved to /home/cansat-stu/cansat/Camera/threshold_img_20250218-160615.jpg.
2025-02-18 16:06:15 - Left: 0.00% red area
2025-02-18 16:06:15 - Center: 0.00% red area
2025-02-18 16:06:15 - Right: 0.00% red area
2025-02-18 16:06:15 - Most red section: Left
2025-02-18 16:06:15 - Red area is below 0.05% in all sections. Returning None.
2025-02-18 16:06:17 - Image captured and saved to /home/cansat-stu/cansat/Camera/img_20250218-160617.jpg.
2025-02-18 16:06:17 - Threshold processed image saved to /home/cansat-stu/cansat/Camera/threshold_img_20250218-160617.jpg.
2025-02-18 16:06:17 - Left: 0.00% red area
2025-02-18 16:06:17 - Center: 0.00% red area
2025-02-18 16:06:17 - Right: 0.00% red area
2025-02-18 16:06:17 - Most red section: Left
2025-02-18 16:06:17 - Red area is below 0.05% in all sections. Returning None.
2025-02-18 16:06:18 - Image captured and saved to /home/cansat-stu/cansat/Camera/img_20250218-160618.jpg.
2025-02-18 16:06:18 - Threshold processed image saved to /home/cansat-stu/cansat/Camera/threshold_img_20250218-160618.jpg.
2025-02-18 16:06:18 - Left: 0.00% red area
2025-02-18 16:06:18 - Center: 0.00% red area
2025-02-18 16:06:18 - Right: 0.00% red area
2025-02-18 16:06:18 - Most red section: Left
2025-02-18 16:06:18 - Red area is below 0.05% in all sections. Returning None.
2025-02-18 16:06:19 - Image captured and saved to /home/cansat-stu/cansat/Camera/img_20250218-160619.jpg.
2025-02-18 16:06:19 - Threshold processed image saved to /home/cansat-stu/cansat/Camera/threshold_img_20250218-160619.jpg.
2025-02-18 16:06:19 - Left: 0.00% red area
2025-02-18 16:06:19 - Center: 0.00% red area
2025-02-18 16:06:19 - Right: 0.00% red area
2025-02-18 16:06:19 - Most red section: Left
2025-02-18 16:06:19 - Red area is below 0.05% in all sections. Returning None.
2025-02-18 16:06:20 - Image captured and saved to /home/cansat-stu/cansat/Camera/img_20250218-160620.jpg.
2025-02-18 16:06:20 - Threshold processed image saved to /home/cansat-stu/cansat/Camera/threshold_img_20250218-160620.jpg.
2025-02-18 16:06:20 - Left: 0.00% red area
2025-02-18 16:06:20 - Center: 0.00% red area
2025-02-18 16:06:20 - Right: 0.00% red area
2025-02-18 16:06:20 - Most red section: Left
2025-02-18 16:06:20 - Red area is below 0.05% in all sections. Returning None.
2025-02-18 16:06:21 - Image captured and saved to /home/cansat-stu/cansat/Camera/img_20250218-160621.jpg.
2025-02-18 16:06:21 - Threshold processed image saved to /home/cansat-stu/cansat/Camera/threshold_img_20250218-160621.jpg.
2025-02-18 16:06:21 - Left: 0.00% red area
2025-02-18 16:06:21 - Center: 0.00% red area
2025-02-18 16:06:21 - Right: 0.00% red area
2025-02-18 16:06:21 - Most red section: Left
2025-02-18 16:06:21 - Red area is below 0.05% in all sections. Returning None.
2025-02-18 16:06:23 - Image captured and saved to /home/cansat-stu/cansat/Camera/img_20250218-160623.jpg.
2025-02-18 16:06:23 - Threshold processed image saved to /home/cansat-stu/cansat/Camera/threshold_img_20250218-160623.jpg.
2025-02-18 16:06:23 - Left: 0.00% red area
2025-02-18 16:06:23 - Center: 0.00% red area
2025-02-18 16:06:23 - Right: 0.00% red area
2025-02-18 16:06:23 - Most red section: Left
2025-02-18 16:06:23 - Red area is below 0.05% in all sections. Returning None.
2025-02-18 16:06:24 - Image captured and saved to /home/cansat-stu/cansat/Camera/img_20250218-160624.jpg.
2025-02-18 16:06:24 - Threshold processed image saved to /home/cansat-stu/cansat/Camera/threshold_img_20250218-160624.jpg.
2025-02-18 16:06:24 - Left: 0.00% red area
2025-02-18 16:06:24 - Center: 0.00% red area
2025-02-18 16:06:24 - Right: 0.00% red area
2025-02-18 16:06:24 - Most red section: Left
2025-02-18 16:06:24 - Red area is below 0.05% in all sections. Returning None.
2025-02-18 16:06:25 - Image captured and saved to /home/cansat-stu/cansat/Camera/img_20250218-160625.jpg.
2025-02-18 16:06:25 - Threshold processed image saved to /home/cansat-stu/cansat/Camera/threshold_img_20250218-160625.jpg.
2025-02-18 16:06:25 - Left: 0.00% red area
2025-02-18 16:06:25 - Center: 0.00% red area
2025-02-18 16:06:25 - Right: 0.00% red area
2025-02-18 16:06:25 - Most red section: Left
2025-02-18 16:06:25 - Red area is below 0.05% in all sections. Returning None.
2025-02-18 16:06:26 - Image captured and saved to /home/cansat-stu/cansat/Camera/img_20250218-160626.jpg.
2025-02-18 16:06:26 - Threshold processed image saved to /home/cansat-stu/cansat/Camera/threshold_img_20250218-160626.jpg.
2025-02-18 16:06:26 - Left: 0.00% red area
2025-02-18 16:06:26 - Center: 0.70% red area
2025-02-18 16:06:26 - Right: 0.00% red area
2025-02-18 16:06:26 - Most red section: Center
2025-02-18 16:06:28 - Image captured and saved to /home/cansat-stu/cansat/Camera/img_20250218-160628.jpg.
2025-02-18 16:06:28 - Threshold processed image saved to /home/cansat-stu/cansat/Camera/threshold_img_20250218-160628.jpg.
2025-02-18 16:06:28 - Left: 0.00% red area
2025-02-18 16:06:28 - Center: 0.00% red area
2025-02-18 16:06:28 - Right: 0.00% red area
2025-02-18 16:06:28 - Most red section: Left
2025-02-18 16:06:28 - Red area is below 0.05% in all sections. Returning None.
2025-02-18 16:06:29 - Image captured and saved to /home/cansat-stu/cansat/Camera/img_20250218-160629.jpg.
2025-02-18 16:06:29 - Threshold processed image saved to /home/cansat-stu/cansat/Camera/threshold_img_20250218-160629.jpg.
2025-02-18 16:06:29 - Left: 0.00% red area
2025-02-18 16:06:29 - Center: 0.00% red area
2025-02-18 16:06:29 - Right: 0.00% red area
2025-02-18 16:06:29 - Most red section: Left
2025-02-18 16:06:29 - Red area is below 0.05% in all sections. Returning None.
2025-02-18 16:06:30 - Image captured and saved to /home/cansat-stu/cansat/Camera/img_20250218-160630.jpg.
2025-02-18 16:06:30 - Threshold processed image saved to /home/cansat-stu/cansat/Camera/threshold_img_20250218-160630.jpg.
2025-02-18 16:06:30 - Left: 0.00% red area
2025-02-18 16:06:30 - Center: 0.00% red area
2025-02-18 16:06:30 - Right: 0.00% red area
2025-02-18 16:06:30 - Most red section: Left
2025-02-18 16:06:30 - Red area is below 0.05% in all sections. Returning None.
2025-02-18 16:06:31 - Image captured and saved to /home/cansat-stu/cansat/Camera/img_20250218-160631.jpg.
2025-02-18 16:06:31 - Threshold processed image saved to /home/cansat-stu/cansat/Camera/threshold_img_20250218-160631.jpg.
2025-02-18 16:06:31 - Left: 0.00% red area
2025-02-18 16:06:31 - Center: 0.00% red area
2025-02-18 16:06:31 - Right: 0.00% red area
2025-02-18 16:06:31 - Most red section: Left
2025-02-18 16:06:31 - Red area is below 0.05% in all sections. Returning None.
2025-02-18 16:06:33 - Image captured and saved to /home/cansat-stu/cansat/Camera/img_20250218-160633.jpg.
2025-02-18 16:06:33 - Threshold processed image saved to /home/cansat-stu/cansat/Camera/threshold_img_20250218-160633.jpg.
2025-02-18 16:06:33 - Left: 0.00% red area
2025-02-18 16:06:33 - Center: 0.21% red area
2025-02-18 16:06:33 - Right: 0.00% red area
2025-02-18 16:06:33 - Most red section: Center
2025-02-18 16:08:25 - Image captured and saved to /home/cansat-stu/cansat/Camera/img_20250218-160824.jpg.
2025-02-18 16:08:25 - Threshold processed image saved to /home/cansat-stu/cansat/Camera/threshold_img_20250218-160824.jpg.
2025-02-18 16:08:25 - Left: 0.00% red area
2025-02-18 16:08:25 - Center: 0.00% red area
2025-02-18 16:08:25 - Right: 0.00% red area
2025-02-18 16:08:25 - Most red section: Left
2025-02-18 16:08:25 - Red area is below 0.05% in all sections. Returning None.
2025-02-18 16:08:26 - Image captured and saved to /home/cansat-stu/cansat/Camera/img_20250218-160826.jpg.
2025-02-18 16:08:26 - Threshold processed image saved to /home/cansat-stu/cansat/Camera/threshold_img_20250218-160826.jpg.
2025-02-18 16:08:26 - Left: 0.00% red area
2025-02-18 16:08:26 - Center: 0.00% red area
2025-02-18 16:08:26 - Right: 0.00% red area
2025-02-18 16:08:26 - Most red section: Left
2025-02-18 16:08:26 - Red area is below 0.05% in all sections. Returning None.
2025-02-18 16:08:27 - Image captured and saved to /home/cansat-stu/cansat/Camera/img_20250218-160827.jpg.
2025-02-18 16:08:27 - Threshold processed image saved to /home/cansat-stu/cansat/Camera/threshold_img_20250218-160827.jpg.
2025-02-18 16:08:27 - Left: 0.00% red area
2025-02-18 16:08:27 - Center: 0.00% red area
2025-02-18 16:08:27 - Right: 0.00% red area
2025-02-18 16:08:27 - Most red section: Left
2025-02-18 16:08:27 - Red area is below 0.05% in all sections. Returning None.
2025-02-18 16:08:29 - Image captured and saved to /home/cansat-stu/cansat/Camera/img_20250218-160829.jpg.
2025-02-18 16:08:29 - Threshold processed image saved to /home/cansat-stu/cansat/Camera/threshold_img_20250218-160829.jpg.
2025-02-18 16:08:29 - Left: 0.00% red area
2025-02-18 16:08:29 - Center: 0.00% red area
2025-02-18 16:08:29 - Right: 0.00% red area
2025-02-18 16:08:29 - Most red section: Left
2025-02-18 16:08:29 - Red area is below 0.05% in all sections. Returning None.
2025-02-18 16:08:30 - Image captured and saved to /home/cansat-stu/cansat/Camera/img_20250218-160830.jpg.
2025-02-18 16:08:30 - Threshold processed image saved to /home/cansat-stu/cansat/Camera/threshold_img_20250218-160830.jpg.
2025-02-18 16:08:30 - Left: 0.00% red area
2025-02-18 16:08:30 - Center: 0.00% red area
2025-02-18 16:08:30 - Right: 0.00% red area
2025-02-18 16:08:30 - Most red section: Left
2025-02-18 16:08:30 - Red area is below 0.05% in all sections. Returning None.
2025-02-18 16:08:31 - Image captured and saved to /home/cansat-stu/cansat/Camera/img_20250218-160831.jpg.
2025-02-18 16:08:31 - Threshold processed image saved to /home/cansat-stu/cansat/Camera/threshold_img_20250218-160831.jpg.
2025-02-18 16:08:31 - Left: 0.00% red area
2025-02-18 16:08:31 - Center: 0.00% red area
2025-02-18 16:08:31 - Right: 0.00% red area
2025-02-18 16:08:31 - Most red section: Left
2025-02-18 16:08:31 - Red area is below 0.05% in all sections. Returning None.
2025-02-18 16:08:32 - Image captured and saved to /home/cansat-stu/cansat/Camera/img_20250218-160832.jpg.
2025-02-18 16:08:32 - Threshold processed image saved to /home/cansat-stu/cansat/Camera/threshold_img_20250218-160832.jpg.
2025-02-18 16:08:32 - Left: 0.00% red area
2025-02-18 16:08:32 - Center: 0.00% red area
2025-02-18 16:08:32 - Right: 0.00% red area
2025-02-18 16:08:32 - Most red section: Left
2025-02-18 16:08:32 - Red area is below 0.05% in all sections. Returning None.
2025-02-18 16:08:34 - Image captured and saved to /home/cansat-stu/cansat/Camera/img_20250218-160834.jpg.
2025-02-18 16:08:34 - Threshold processed image saved to /home/cansat-stu/cansat/Camera/threshold_img_20250218-160834.jpg.
2025-02-18 16:08:34 - Left: 0.00% red area
2025-02-18 16:08:34 - Center: 0.00% red area
2025-02-18 16:08:34 - Right: 0.00% red area
2025-02-18 16:08:34 - Most red section: Left
2025-02-18 16:08:34 - Red area is below 0.05% in all sections. Returning None.
2025-02-18 16:08:35 - Image captured and saved to /home/cansat-stu/cansat/Camera/img_20250218-160835.jpg.
2025-02-18 16:08:35 - Threshold processed image saved to /home/cansat-stu/cansat/Camera/threshold_img_20250218-160835.jpg.
2025-02-18 16:08:35 - Left: 0.00% red area
2025-02-18 16:08:35 - Center: 0.00% red area
2025-02-18 16:08:35 - Right: 0.00% red area
2025-02-18 16:08:35 - Most red section: Left
2025-02-18 16:08:35 - Red area is below 0.05% in all sections. Returning None.
2025-02-18 16:08:36 - Image captured and saved to /home/cansat-stu/cansat/Camera/img_20250218-160836.jpg.
2025-02-18 16:08:36 - Threshold processed image saved to /home/cansat-stu/cansat/Camera/threshold_img_20250218-160836.jpg.
2025-02-18 16:08:36 - Left: 0.00% red area
2025-02-18 16:08:36 - Center: 0.00% red area
2025-02-18 16:08:36 - Right: 0.00% red area
2025-02-18 16:08:36 - Most red section: Left
2025-02-18 16:08:36 - Red area is below 0.05% in all sections. Returning None.
2025-02-18 16:08:37 - Image captured and saved to /home/cansat-stu/cansat/Camera/img_20250218-160837.jpg.
2025-02-18 16:08:37 - Threshold processed image saved to /home/cansat-stu/cansat/Camera/threshold_img_20250218-160837.jpg.
2025-02-18 16:08:37 - Left: 0.00% red area
2025-02-18 16:08:37 - Center: 0.00% red area
2025-02-18 16:08:37 - Right: 0.00% red area
2025-02-18 16:08:37 - Most red section: Left
2025-02-18 16:08:37 - Red area is below 0.05% in all sections. Returning None.
2025-02-18 16:08:39 - Image captured and saved to /home/cansat-stu/cansat/Camera/img_20250218-160839.jpg.
2025-02-18 16:08:39 - Threshold processed image saved to /home/cansat-stu/cansat/Camera/threshold_img_20250218-160839.jpg.
2025-02-18 16:08:39 - Left: 0.00% red area
2025-02-18 16:08:39 - Center: 13.45% red area
2025-02-18 16:08:39 - Right: 0.00% red area
2025-02-18 16:08:39 - Most red section: Center
2025-02-18 16:08:40 - Image captured and saved to /home/cansat-stu/cansat/Camera/img_20250218-160840.jpg.
2025-02-18 16:08:40 - Threshold processed image saved to /home/cansat-stu/cansat/Camera/threshold_img_20250218-160840.jpg.
2025-02-18 16:08:40 - Left: 0.00% red area
2025-02-18 16:08:40 - Center: 0.00% red area
2025-02-18 16:08:40 - Right: 0.00% red area
2025-02-18 16:08:40 - Most red section: Left
2025-02-18 16:08:40 - Red area is below 0.05% in all sections. Returning None.
2025-02-18 16:08:41 - Image captured and saved to /home/cansat-stu/cansat/Camera/img_20250218-160841.jpg.
2025-02-18 16:08:41 - Threshold processed image saved to /home/cansat-stu/cansat/Camera/threshold_img_20250218-160841.jpg.
2025-02-18 16:08:41 - Left: 0.00% red area
2025-02-18 16:08:41 - Center: 0.00% red area
2025-02-18 16:08:41 - Right: 0.00% red area
2025-02-18 16:08:41 - Most red section: Left
2025-02-18 16:08:41 - Red area is below 0.05% in all sections. Returning None.
2025-02-18 16:08:42 - Image captured and saved to /home/cansat-stu/cansat/Camera/img_20250218-160842.jpg.
2025-02-18 16:08:42 - Threshold processed image saved to /home/cansat-stu/cansat/Camera/threshold_img_20250218-160842.jpg.
2025-02-18 16:08:42 - Left: 0.00% red area
2025-02-18 16:08:42 - Center: 0.00% red area
2025-02-18 16:08:42 - Right: 0.00% red area
2025-02-18 16:08:42 - Most red section: Left
2025-02-18 16:08:42 - Red area is below 0.05% in all sections. Returning None.
2025-02-18 16:08:44 - Image captured and saved to /home/cansat-stu/cansat/Camera/img_20250218-160844.jpg.
2025-02-18 16:08:44 - Threshold processed image saved to /home/cansat-stu/cansat/Camera/threshold_img_20250218-160844.jpg.
2025-02-18 16:08:44 - Left: 0.00% red area
2025-02-18 16:08:44 - Center: 0.00% red area
2025-02-18 16:08:44 - Right: 0.00% red area
2025-02-18 16:08:44 - Most red section: Left
2025-02-18 16:08:44 - Red area is below 0.05% in all sections. Returning None.
2025-02-18 16:08:45 - Image captured and saved to /home/cansat-stu/cansat/Camera/img_20250218-160845.jpg.
2025-02-18 16:08:45 - Threshold processed image saved to /home/cansat-stu/cansat/Camera/threshold_img_20250218-160845.jpg.
2025-02-18 16:08:45 - Left: 0.00% red area
2025-02-18 16:08:45 - Center: 0.00% red area
2025-02-18 16:08:45 - Right: 0.00% red area
2025-02-18 16:08:45 - Most red section: Left
2025-02-18 16:08:45 - Red area is below 0.05% in all sections. Returning None.
2025-02-18 16:08:46 - Image captured and saved to /home/cansat-stu/cansat/Camera/img_20250218-160846.jpg.
2025-02-18 16:08:46 - Threshold processed image saved to /home/cansat-stu/cansat/Camera/threshold_img_20250218-160846.jpg.
2025-02-18 16:08:46 - Left: 0.00% red area
2025-02-18 16:08:46 - Center: 0.00% red area
2025-02-18 16:08:46 - Right: 0.00% red area
2025-02-18 16:08:46 - Most red section: Left
2025-02-18 16:08:46 - Red area is below 0.05% in all sections. Returning None.
2025-02-18 16:08:47 - Image captured and saved to /home/cansat-stu/cansat/Camera/img_20250218-160847.jpg.
2025-02-18 16:08:47 - Threshold processed image saved to /home/cansat-stu/cansat/Camera/threshold_img_20250218-160847.jpg.
2025-02-18 16:08:47 - Left: 0.00% red area
2025-02-18 16:08:47 - Center: 0.00% red area
2025-02-18 16:08:47 - Right: 0.00% red area
2025-02-18 16:08:47 - Most red section: Left
2025-02-18 16:08:47 - Red area is below 0.05% in all sections. Returning None.
2025-02-18 16:08:49 - Image captured and saved to /home/cansat-stu/cansat/Camera/img_20250218-160849.jpg.
2025-02-18 16:08:49 - Threshold processed image saved to /home/cansat-stu/cansat/Camera/threshold_img_20250218-160849.jpg.
2025-02-18 16:08:49 - Left: 0.00% red area
2025-02-18 16:08:49 - Center: 0.00% red area
2025-02-18 16:08:49 - Right: 0.00% red area
2025-02-18 16:08:49 - Most red section: Left
2025-02-18 16:08:49 - Red area is below 0.05% in all sections. Returning None.
2025-02-18 16:08:50 - Image captured and saved to /home/cansat-stu/cansat/Camera/img_20250218-160850.jpg.
2025-02-18 16:08:50 - Threshold processed image saved to /home/cansat-stu/cansat/Camera/threshold_img_20250218-160850.jpg.
2025-02-18 16:08:50 - Left: 0.00% red area
2025-02-18 16:08:50 - Center: 0.00% red area
2025-02-18 16:08:50 - Right: 0.00% red area
2025-02-18 16:08:50 - Most red section: Left
2025-02-18 16:08:50 - Red area is below 0.05% in all sections. Returning None.
2025-02-18 16:08:51 - Image captured and saved to /home/cansat-stu/cansat/Camera/img_20250218-160851.jpg.
2025-02-18 16:08:51 - Threshold processed image saved to /home/cansat-stu/cansat/Camera/threshold_img_20250218-160851.jpg.
2025-02-18 16:08:51 - Left: 0.00% red area
2025-02-18 16:08:51 - Center: 0.00% red area
2025-02-18 16:08:51 - Right: 0.00% red area
2025-02-18 16:08:51 - Most red section: Left
2025-02-18 16:08:51 - Red area is below 0.05% in all sections. Returning None.
2025-02-18 16:08:52 - Image captured and saved to /home/cansat-stu/cansat/Camera/img_20250218-160852.jpg.
2025-02-18 16:08:52 - Threshold processed image saved to /home/cansat-stu/cansat/Camera/threshold_img_20250218-160852.jpg.
2025-02-18 16:08:52 - Left: 0.00% red area
2025-02-18 16:08:52 - Center: 3.48% red area
2025-02-18 16:08:52 - Right: 0.00% red area
2025-02-18 16:08:52 - Most red section: Center
2025-02-18 16:08:54 - Image captured and saved to /home/cansat-stu/cansat/Camera/img_20250218-160854.jpg.
2025-02-18 16:08:54 - Threshold processed image saved to /home/cansat-stu/cansat/Camera/threshold_img_20250218-160854.jpg.
2025-02-18 16:08:54 - Left: 0.00% red area
2025-02-18 16:08:54 - Center: 0.00% red area
2025-02-18 16:08:54 - Right: 0.00% red area
2025-02-18 16:08:54 - Most red section: Left
2025-02-18 16:08:54 - Red area is below 0.05% in all sections. Returning None.
2025-02-18 16:08:55 - Image captured and saved to /home/cansat-stu/cansat/Camera/img_20250218-160855.jpg.
2025-02-18 16:08:55 - Threshold processed image saved to /home/cansat-stu/cansat/Camera/threshold_img_20250218-160855.jpg.
2025-02-18 16:08:55 - Left: 0.00% red area
2025-02-18 16:08:55 - Center: 0.00% red area
2025-02-18 16:08:55 - Right: 0.00% red area
2025-02-18 16:08:55 - Most red section: Left
2025-02-18 16:08:55 - Red area is below 0.05% in all sections. Returning None.
2025-02-18 16:13:48 - Image captured and saved to /home/cansat-stu/cansat/Camera/img_20250218-161347.jpg.
2025-02-18 16:13:48 - Threshold processed image saved to /home/cansat-stu/cansat/Camera/threshold_img_20250218-161347.jpg.
2025-02-18 16:13:48 - Left: 0.00% red area
2025-02-18 16:13:48 - Center: 0.00% red area
2025-02-18 16:13:48 - Right: 0.00% red area
2025-02-18 16:13:48 - Most red section: Left
2025-02-18 16:13:48 - Red area is below 0.05% in all sections. Returning None.
2025-02-18 16:13:49 - Image captured and saved to /home/cansat-stu/cansat/Camera/img_20250218-161349.jpg.
2025-02-18 16:13:49 - Threshold processed image saved to /home/cansat-stu/cansat/Camera/threshold_img_20250218-161349.jpg.
2025-02-18 16:13:49 - Left: 0.00% red area
2025-02-18 16:13:49 - Center: 0.00% red area
2025-02-18 16:13:49 - Right: 0.00% red area
2025-02-18 16:13:49 - Most red section: Left
2025-02-18 16:13:49 - Red area is below 0.05% in all sections. Returning None.
2025-02-18 16:13:50 - Image captured and saved to /home/cansat-stu/cansat/Camera/img_20250218-161350.jpg.
2025-02-18 16:13:50 - Threshold processed image saved to /home/cansat-stu/cansat/Camera/threshold_img_20250218-161350.jpg.
2025-02-18 16:13:50 - Left: 0.00% red area
2025-02-18 16:13:50 - Center: 0.00% red area
2025-02-18 16:13:50 - Right: 0.00% red area
2025-02-18 16:13:50 - Most red section: Left
2025-02-18 16:13:50 - Red area is below 0.05% in all sections. Returning None.
2025-02-18 16:13:52 - Image captured and saved to /home/cansat-stu/cansat/Camera/img_20250218-161352.jpg.
2025-02-18 16:13:52 - Threshold processed image saved to /home/cansat-stu/cansat/Camera/threshold_img_20250218-161352.jpg.
2025-02-18 16:13:52 - Left: 0.00% red area
2025-02-18 16:13:52 - Center: 0.00% red area
2025-02-18 16:13:52 - Right: 0.00% red area
2025-02-18 16:13:52 - Most red section: Left
2025-02-18 16:13:52 - Red area is below 0.05% in all sections. Returning None.
2025-02-18 16:13:53 - Image captured and saved to /home/cansat-stu/cansat/Camera/img_20250218-161353.jpg.
2025-02-18 16:13:53 - Threshold processed image saved to /home/cansat-stu/cansat/Camera/threshold_img_20250218-161353.jpg.
2025-02-18 16:13:53 - Left: 0.00% red area
2025-02-18 16:13:53 - Center: 0.00% red area
2025-02-18 16:13:53 - Right: 0.00% red area
2025-02-18 16:13:53 - Most red section: Left
2025-02-18 16:13:53 - Red area is below 0.05% in all sections. Returning None.
2025-02-18 16:13:54 - Image captured and saved to /home/cansat-stu/cansat/Camera/img_20250218-161354.jpg.
2025-02-18 16:13:54 - Threshold processed image saved to /home/cansat-stu/cansat/Camera/threshold_img_20250218-161354.jpg.
2025-02-18 16:13:54 - Left: 0.00% red area
2025-02-18 16:13:54 - Center: 0.00% red area
2025-02-18 16:13:54 - Right: 0.00% red area
2025-02-18 16:13:54 - Most red section: Left
2025-02-18 16:13:54 - Red area is below 0.05% in all sections. Returning None.
2025-02-18 16:13:55 - Image captured and saved to /home/cansat-stu/cansat/Camera/img_20250218-161355.jpg.
2025-02-18 16:13:55 - Threshold processed image saved to /home/cansat-stu/cansat/Camera/threshold_img_20250218-161355.jpg.
2025-02-18 16:13:55 - Left: 0.00% red area
2025-02-18 16:13:55 - Center: 0.00% red area
2025-02-18 16:13:55 - Right: 0.00% red area
2025-02-18 16:13:55 - Most red section: Left
2025-02-18 16:13:55 - Red area is below 0.05% in all sections. Returning None.
2025-02-18 16:13:57 - Image captured and saved to /home/cansat-stu/cansat/Camera/img_20250218-161357.jpg.
2025-02-18 16:13:57 - Threshold processed image saved to /home/cansat-stu/cansat/Camera/threshold_img_20250218-161357.jpg.
2025-02-18 16:13:57 - Left: 0.00% red area
2025-02-18 16:13:57 - Center: 0.00% red area
2025-02-18 16:13:57 - Right: 0.00% red area
2025-02-18 16:13:57 - Most red section: Left
2025-02-18 16:13:57 - Red area is below 0.05% in all sections. Returning None.
2025-02-18 16:13:58 - Image captured and saved to /home/cansat-stu/cansat/Camera/img_20250218-161358.jpg.
2025-02-18 16:13:58 - Threshold processed image saved to /home/cansat-stu/cansat/Camera/threshold_img_20250218-161358.jpg.
2025-02-18 16:13:58 - Left: 0.00% red area
2025-02-18 16:13:58 - Center: 0.00% red area
2025-02-18 16:13:58 - Right: 0.00% red area
2025-02-18 16:13:58 - Most red section: Left
2025-02-18 16:13:58 - Red area is below 0.05% in all sections. Returning None.
2025-02-18 16:13:59 - Image captured and saved to /home/cansat-stu/cansat/Camera/img_20250218-161359.jpg.
2025-02-18 16:13:59 - Threshold processed image saved to /home/cansat-stu/cansat/Camera/threshold_img_20250218-161359.jpg.
2025-02-18 16:13:59 - Left: 0.00% red area
2025-02-18 16:13:59 - Center: 0.00% red area
2025-02-18 16:13:59 - Right: 0.00% red area
2025-02-18 16:13:59 - Most red section: Left
2025-02-18 16:13:59 - Red area is below 0.05% in all sections. Returning None.
2025-02-18 16:14:00 - Image captured and saved to /home/cansat-stu/cansat/Camera/img_20250218-161400.jpg.
2025-02-18 16:14:00 - Threshold processed image saved to /home/cansat-stu/cansat/Camera/threshold_img_20250218-161400.jpg.
2025-02-18 16:14:00 - Left: 0.00% red area
2025-02-18 16:14:00 - Center: 0.00% red area
2025-02-18 16:14:00 - Right: 0.00% red area
2025-02-18 16:14:00 - Most red section: Left
2025-02-18 16:14:00 - Red area is below 0.05% in all sections. Returning None.
2025-02-18 16:14:02 - Image captured and saved to /home/cansat-stu/cansat/Camera/img_20250218-161402.jpg.
2025-02-18 16:14:02 - Threshold processed image saved to /home/cansat-stu/cansat/Camera/threshold_img_20250218-161402.jpg.
2025-02-18 16:14:02 - Left: 0.00% red area
2025-02-18 16:14:02 - Center: 0.00% red area
2025-02-18 16:14:02 - Right: 0.00% red area
2025-02-18 16:14:02 - Most red section: Left
2025-02-18 16:14:02 - Red area is below 0.05% in all sections. Returning None.
2025-02-18 16:14:03 - Image captured and saved to /home/cansat-stu/cansat/Camera/img_20250218-161403.jpg.
2025-02-18 16:14:03 - Threshold processed image saved to /home/cansat-stu/cansat/Camera/threshold_img_20250218-161403.jpg.
2025-02-18 16:14:03 - Left: 0.00% red area
2025-02-18 16:14:03 - Center: 0.00% red area
2025-02-18 16:14:03 - Right: 0.00% red area
2025-02-18 16:14:03 - Most red section: Left
2025-02-18 16:14:03 - Red area is below 0.05% in all sections. Returning None.
2025-02-18 16:14:04 - Image captured and saved to /home/cansat-stu/cansat/Camera/img_20250218-161404.jpg.
2025-02-18 16:14:04 - Threshold processed image saved to /home/cansat-stu/cansat/Camera/threshold_img_20250218-161404.jpg.
2025-02-18 16:14:04 - Left: 0.00% red area
2025-02-18 16:14:04 - Center: 0.00% red area
2025-02-18 16:14:04 - Right: 0.00% red area
2025-02-18 16:14:04 - Most red section: Left
2025-02-18 16:14:04 - Red area is below 0.05% in all sections. Returning None.
2025-02-18 16:14:05 - Image captured and saved to /home/cansat-stu/cansat/Camera/img_20250218-161405.jpg.
2025-02-18 16:14:05 - Threshold processed image saved to /home/cansat-stu/cansat/Camera/threshold_img_20250218-161405.jpg.
2025-02-18 16:14:05 - Left: 0.00% red area
2025-02-18 16:14:05 - Center: 0.00% red area
2025-02-18 16:14:05 - Right: 0.00% red area
2025-02-18 16:14:05 - Most red section: Left
2025-02-18 16:14:05 - Red area is below 0.05% in all sections. Returning None.
2025-02-18 16:14:07 - Image captured and saved to /home/cansat-stu/cansat/Camera/img_20250218-161406.jpg.
2025-02-18 16:14:07 - Threshold processed image saved to /home/cansat-stu/cansat/Camera/threshold_img_20250218-161406.jpg.
2025-02-18 16:14:07 - Left: 0.00% red area
2025-02-18 16:14:07 - Center: 0.00% red area
2025-02-18 16:14:07 - Right: 0.00% red area
2025-02-18 16:14:07 - Most red section: Left
2025-02-18 16:14:07 - Red area is below 0.05% in all sections. Returning None.
2025-02-18 16:15:25 - Image captured and saved to /home/cansat-stu/cansat/Camera/img_20250218-161524.jpg.
2025-02-18 16:15:25 - Threshold processed image saved to /home/cansat-stu/cansat/Camera/threshold_img_20250218-161524.jpg.
2025-02-18 16:15:26 - Left: 0.00% red area
2025-02-18 16:15:26 - Center: 0.00% red area
2025-02-18 16:15:26 - Right: 0.00% red area
2025-02-18 16:15:26 - Most red section: Left
2025-02-18 16:15:26 - Red area is below 0.05% in all sections. Returning None.
2025-02-18 16:15:26 - Camera stopped.
2025-02-18 16:20:05 - Image captured and saved to /home/cansat-stu/cansat/Camera/img_20250218-162004.jpg.
2025-02-18 16:20:05 - Threshold processed image saved to /home/cansat-stu/cansat/Camera/threshold_img_20250218-162004.jpg.
2025-02-18 16:20:05 - Left: 0.00% red area
2025-02-18 16:20:05 - Center: 0.00% red area
2025-02-18 16:20:05 - Right: 0.00% red area
2025-02-18 16:20:05 - Most red section: Left
2025-02-18 16:20:05 - Red area is below 0.05% in all sections. Returning None.
2025-02-18 16:20:05 - Camera stopped.
2025-02-18 16:20:57 - Image captured and saved to /home/cansat-stu/cansat/Camera/img_20250218-162056.jpg.
2025-02-18 16:20:58 - Threshold processed image saved to /home/cansat-stu/cansat/Camera/threshold_img_20250218-162056.jpg.
2025-02-18 16:20:58 - Left: 0.00% red area
2025-02-18 16:20:58 - Center: 0.00% red area
2025-02-18 16:20:58 - Right: 0.00% red area
2025-02-18 16:20:58 - Most red section: Left
2025-02-18 16:20:58 - Red area is below 0.05% in all sections. Returning None.
2025-02-18 16:21:00 - Image captured and saved to /home/cansat-stu/cansat/Camera/img_20250218-162100.jpg.
2025-02-18 16:21:00 - Threshold processed image saved to /home/cansat-stu/cansat/Camera/threshold_img_20250218-162100.jpg.
2025-02-18 16:21:00 - Left: 0.00% red area
2025-02-18 16:21:00 - Center: 0.00% red area
2025-02-18 16:21:00 - Right: 0.00% red area
2025-02-18 16:21:00 - Most red section: Left
2025-02-18 16:21:00 - Red area is below 0.05% in all sections. Returning None.
2025-02-18 16:21:01 - Image captured and saved to /home/cansat-stu/cansat/Camera/img_20250218-162101.jpg.
2025-02-18 16:21:01 - Threshold processed image saved to /home/cansat-stu/cansat/Camera/threshold_img_20250218-162101.jpg.
2025-02-18 16:21:01 - Left: 0.00% red area
2025-02-18 16:21:01 - Center: 0.00% red area
2025-02-18 16:21:01 - Right: 0.00% red area
2025-02-18 16:21:01 - Most red section: Left
2025-02-18 16:21:01 - Red area is below 0.05% in all sections. Returning None.
2025-02-18 16:21:03 - Image captured and saved to /home/cansat-stu/cansat/Camera/img_20250218-162102.jpg.
2025-02-18 16:21:03 - Threshold processed image saved to /home/cansat-stu/cansat/Camera/threshold_img_20250218-162102.jpg.
2025-02-18 16:21:03 - Left: 0.00% red area
2025-02-18 16:21:03 - Center: 0.00% red area
2025-02-18 16:21:03 - Right: 0.00% red area
2025-02-18 16:21:03 - Most red section: Left
2025-02-18 16:21:03 - Red area is below 0.05% in all sections. Returning None.
2025-02-18 16:21:04 - Image captured and saved to /home/cansat-stu/cansat/Camera/img_20250218-162104.jpg.
2025-02-18 16:21:04 - Threshold processed image saved to /home/cansat-stu/cansat/Camera/threshold_img_20250218-162104.jpg.
2025-02-18 16:21:04 - Left: 0.00% red area
2025-02-18 16:21:04 - Center: 0.00% red area
2025-02-18 16:21:04 - Right: 0.00% red area
2025-02-18 16:21:04 - Most red section: Left
2025-02-18 16:21:04 - Red area is below 0.05% in all sections. Returning None.
2025-02-18 16:21:05 - Image captured and saved to /home/cansat-stu/cansat/Camera/img_20250218-162105.jpg.
2025-02-18 16:21:05 - Threshold processed image saved to /home/cansat-stu/cansat/Camera/threshold_img_20250218-162105.jpg.
2025-02-18 16:21:05 - Left: 0.00% red area
2025-02-18 16:21:05 - Center: 0.00% red area
2025-02-18 16:21:05 - Right: 0.00% red area
2025-02-18 16:21:05 - Most red section: Left
2025-02-18 16:21:05 - Red area is below 0.05% in all sections. Returning None.
2025-02-18 16:21:07 - Image captured and saved to /home/cansat-stu/cansat/Camera/img_20250218-162107.jpg.
2025-02-18 16:21:07 - Threshold processed image saved to /home/cansat-stu/cansat/Camera/threshold_img_20250218-162107.jpg.
2025-02-18 16:21:07 - Left: 0.00% red area
2025-02-18 16:21:07 - Center: 0.00% red area
2025-02-18 16:21:07 - Right: 0.00% red area
2025-02-18 16:21:07 - Most red section: Left
2025-02-18 16:21:07 - Red area is below 0.05% in all sections. Returning None.
2025-02-18 16:21:08 - Image captured and saved to /home/cansat-stu/cansat/Camera/img_20250218-162108.jpg.
2025-02-18 16:21:08 - Threshold processed image saved to /home/cansat-stu/cansat/Camera/threshold_img_20250218-162108.jpg.
2025-02-18 16:21:08 - Left: 0.00% red area
2025-02-18 16:21:08 - Center: 0.00% red area
2025-02-18 16:21:08 - Right: 0.00% red area
2025-02-18 16:21:08 - Most red section: Left
2025-02-18 16:21:08 - Red area is below 0.05% in all sections. Returning None.
2025-02-18 16:21:09 - Image captured and saved to /home/cansat-stu/cansat/Camera/img_20250218-162109.jpg.
2025-02-18 16:21:09 - Threshold processed image saved to /home/cansat-stu/cansat/Camera/threshold_img_20250218-162109.jpg.
2025-02-18 16:21:09 - Left: 0.00% red area
2025-02-18 16:21:09 - Center: 0.00% red area
2025-02-18 16:21:09 - Right: 0.00% red area
2025-02-18 16:21:09 - Most red section: Left
2025-02-18 16:21:09 - Red area is below 0.05% in all sections. Returning None.
2025-02-18 16:21:11 - Image captured and saved to /home/cansat-stu/cansat/Camera/img_20250218-162111.jpg.
2025-02-18 16:21:11 - Threshold processed image saved to /home/cansat-stu/cansat/Camera/threshold_img_20250218-162111.jpg.
2025-02-18 16:21:11 - Left: 0.15% red area
2025-02-18 16:21:11 - Center: 0.00% red area
2025-02-18 16:21:11 - Right: 0.00% red area
2025-02-18 16:21:11 - Most red section: Left
2025-02-18 16:21:12 - Image captured and saved to /home/cansat-stu/cansat/Camera/img_20250218-162112.jpg.
2025-02-18 16:21:12 - Threshold processed image saved to /home/cansat-stu/cansat/Camera/threshold_img_20250218-162112.jpg.
2025-02-18 16:21:12 - Left: 0.00% red area
2025-02-18 16:21:12 - Center: 0.00% red area
2025-02-18 16:21:12 - Right: 0.00% red area
2025-02-18 16:21:12 - Most red section: Left
2025-02-18 16:21:12 - Red area is below 0.05% in all sections. Returning None.
2025-02-18 16:21:13 - Image captured and saved to /home/cansat-stu/cansat/Camera/img_20250218-162113.jpg.
2025-02-18 16:21:13 - Threshold processed image saved to /home/cansat-stu/cansat/Camera/threshold_img_20250218-162113.jpg.
2025-02-18 16:21:13 - Left: 0.00% red area
2025-02-18 16:21:13 - Center: 0.00% red area
2025-02-18 16:21:13 - Right: 0.00% red area
2025-02-18 16:21:13 - Most red section: Left
2025-02-18 16:21:13 - Red area is below 0.05% in all sections. Returning None.
2025-02-18 16:21:15 - Image captured and saved to /home/cansat-stu/cansat/Camera/img_20250218-162115.jpg.
2025-02-18 16:21:15 - Threshold processed image saved to /home/cansat-stu/cansat/Camera/threshold_img_20250218-162115.jpg.
2025-02-18 16:21:15 - Left: 0.00% red area
2025-02-18 16:21:15 - Center: 0.00% red area
2025-02-18 16:21:15 - Right: 0.00% red area
2025-02-18 16:21:15 - Most red section: Left
2025-02-18 16:21:15 - Red area is below 0.05% in all sections. Returning None.
2025-02-18 16:21:16 - Image captured and saved to /home/cansat-stu/cansat/Camera/img_20250218-162116.jpg.
2025-02-18 16:21:16 - Threshold processed image saved to /home/cansat-stu/cansat/Camera/threshold_img_20250218-162116.jpg.
2025-02-18 16:21:16 - Left: 0.00% red area
2025-02-18 16:21:16 - Center: 0.00% red area
2025-02-18 16:21:16 - Right: 0.00% red area
2025-02-18 16:21:16 - Most red section: Left
2025-02-18 16:21:16 - Red area is below 0.05% in all sections. Returning None.
2025-02-18 16:21:17 - Image captured and saved to /home/cansat-stu/cansat/Camera/img_20250218-162117.jpg.
2025-02-18 16:21:17 - Threshold processed image saved to /home/cansat-stu/cansat/Camera/threshold_img_20250218-162117.jpg.
2025-02-18 16:21:17 - Left: 0.00% red area
2025-02-18 16:21:17 - Center: 0.00% red area
2025-02-18 16:21:17 - Right: 0.00% red area
2025-02-18 16:21:17 - Most red section: Left
2025-02-18 16:21:17 - Red area is below 0.05% in all sections. Returning None.
2025-02-18 16:21:19 - Image captured and saved to /home/cansat-stu/cansat/Camera/img_20250218-162119.jpg.
2025-02-18 16:21:19 - Threshold processed image saved to /home/cansat-stu/cansat/Camera/threshold_img_20250218-162119.jpg.
2025-02-18 16:21:19 - Left: 0.00% red area
2025-02-18 16:21:19 - Center: 0.00% red area
2025-02-18 16:21:19 - Right: 0.00% red area
2025-02-18 16:21:19 - Most red section: Left
2025-02-18 16:21:19 - Red area is below 0.05% in all sections. Returning None.
2025-02-18 16:21:20 - Image captured and saved to /home/cansat-stu/cansat/Camera/img_20250218-162120.jpg.
2025-02-18 16:21:20 - Threshold processed image saved to /home/cansat-stu/cansat/Camera/threshold_img_20250218-162120.jpg.
2025-02-18 16:21:20 - Left: 0.00% red area
2025-02-18 16:21:20 - Center: 0.00% red area
2025-02-18 16:21:20 - Right: 0.00% red area
2025-02-18 16:21:20 - Most red section: Left
2025-02-18 16:21:20 - Red area is below 0.05% in all sections. Returning None.
2025-02-18 16:21:22 - Image captured and saved to /home/cansat-stu/cansat/Camera/img_20250218-162122.jpg.
2025-02-18 16:21:22 - Threshold processed image saved to /home/cansat-stu/cansat/Camera/threshold_img_20250218-162122.jpg.
2025-02-18 16:21:22 - Left: 0.00% red area
2025-02-18 16:21:22 - Center: 0.00% red area
2025-02-18 16:21:22 - Right: 0.00% red area
2025-02-18 16:21:22 - Most red section: Left
2025-02-18 16:21:22 - Red area is below 0.05% in all sections. Returning None.
2025-02-18 16:21:23 - Image captured and saved to /home/cansat-stu/cansat/Camera/img_20250218-162123.jpg.
2025-02-18 16:21:23 - Threshold processed image saved to /home/cansat-stu/cansat/Camera/threshold_img_20250218-162123.jpg.
2025-02-18 16:21:23 - Left: 0.00% red area
2025-02-18 16:21:23 - Center: 0.00% red area
2025-02-18 16:21:23 - Right: 0.00% red area
2025-02-18 16:21:23 - Most red section: Left
2025-02-18 16:21:23 - Red area is below 0.05% in all sections. Returning None.
2025-02-18 16:21:24 - Image captured and saved to /home/cansat-stu/cansat/Camera/img_20250218-162124.jpg.
2025-02-18 16:21:24 - Threshold processed image saved to /home/cansat-stu/cansat/Camera/threshold_img_20250218-162124.jpg.
2025-02-18 16:21:24 - Left: 0.00% red area
2025-02-18 16:21:24 - Center: 0.00% red area
2025-02-18 16:21:24 - Right: 0.00% red area
2025-02-18 16:21:24 - Most red section: Left
2025-02-18 16:21:24 - Red area is below 0.05% in all sections. Returning None.
2025-02-18 16:21:26 - Image captured and saved to /home/cansat-stu/cansat/Camera/img_20250218-162126.jpg.
2025-02-18 16:21:26 - Threshold processed image saved to /home/cansat-stu/cansat/Camera/threshold_img_20250218-162126.jpg.
2025-02-18 16:21:26 - Left: 0.00% red area
2025-02-18 16:21:26 - Center: 0.00% red area
2025-02-18 16:21:26 - Right: 0.00% red area
2025-02-18 16:21:26 - Most red section: Left
2025-02-18 16:21:26 - Red area is below 0.05% in all sections. Returning None.
2025-02-18 16:21:27 - Image captured and saved to /home/cansat-stu/cansat/Camera/img_20250218-162127.jpg.
2025-02-18 16:21:27 - Threshold processed image saved to /home/cansat-stu/cansat/Camera/threshold_img_20250218-162127.jpg.
2025-02-18 16:21:27 - Left: 0.00% red area
2025-02-18 16:21:27 - Center: 0.00% red area
2025-02-18 16:21:27 - Right: 0.00% red area
2025-02-18 16:21:27 - Most red section: Left
2025-02-18 16:21:27 - Red area is below 0.05% in all sections. Returning None.
2025-02-18 16:21:28 - Image captured and saved to /home/cansat-stu/cansat/Camera/img_20250218-162128.jpg.
2025-02-18 16:21:28 - Threshold processed image saved to /home/cansat-stu/cansat/Camera/threshold_img_20250218-162128.jpg.
2025-02-18 16:21:28 - Left: 0.00% red area
2025-02-18 16:21:28 - Center: 0.00% red area
2025-02-18 16:21:28 - Right: 0.00% red area
2025-02-18 16:21:28 - Most red section: Left
2025-02-18 16:21:28 - Red area is below 0.05% in all sections. Returning None.
2025-02-18 16:21:30 - Image captured and saved to /home/cansat-stu/cansat/Camera/img_20250218-162130.jpg.
2025-02-18 16:21:30 - Threshold processed image saved to /home/cansat-stu/cansat/Camera/threshold_img_20250218-162130.jpg.
2025-02-18 16:21:30 - Left: 0.00% red area
2025-02-18 16:21:30 - Center: 0.00% red area
2025-02-18 16:21:30 - Right: 0.00% red area
2025-02-18 16:21:30 - Most red section: Left
2025-02-18 16:21:30 - Red area is below 0.05% in all sections. Returning None.
2025-02-18 16:21:31 - Image captured and saved to /home/cansat-stu/cansat/Camera/img_20250218-162131.jpg.
2025-02-18 16:21:31 - Threshold processed image saved to /home/cansat-stu/cansat/Camera/threshold_img_20250218-162131.jpg.
2025-02-18 16:21:31 - Left: 0.00% red area
2025-02-18 16:21:31 - Center: 0.00% red area
2025-02-18 16:21:31 - Right: 0.00% red area
2025-02-18 16:21:31 - Most red section: Left
2025-02-18 16:21:31 - Red area is below 0.05% in all sections. Returning None.
2025-02-18 16:21:32 - Image captured and saved to /home/cansat-stu/cansat/Camera/img_20250218-162132.jpg.
2025-02-18 16:21:32 - Threshold processed image saved to /home/cansat-stu/cansat/Camera/threshold_img_20250218-162132.jpg.
2025-02-18 16:21:32 - Left: 0.00% red area
2025-02-18 16:21:32 - Center: 0.00% red area
2025-02-18 16:21:32 - Right: 0.00% red area
2025-02-18 16:21:32 - Most red section: Left
2025-02-18 16:21:32 - Red area is below 0.05% in all sections. Returning None.
2025-02-18 16:21:34 - Image captured and saved to /home/cansat-stu/cansat/Camera/img_20250218-162134.jpg.
2025-02-18 16:21:34 - Threshold processed image saved to /home/cansat-stu/cansat/Camera/threshold_img_20250218-162134.jpg.
2025-02-18 16:21:34 - Left: 0.00% red area
2025-02-18 16:21:34 - Center: 0.00% red area
2025-02-18 16:21:34 - Right: 0.00% red area
2025-02-18 16:21:34 - Most red section: Left
2025-02-18 16:21:34 - Red area is below 0.05% in all sections. Returning None.
2025-02-18 16:21:35 - Image captured and saved to /home/cansat-stu/cansat/Camera/img_20250218-162135.jpg.
2025-02-18 16:21:35 - Threshold processed image saved to /home/cansat-stu/cansat/Camera/threshold_img_20250218-162135.jpg.
2025-02-18 16:21:35 - Left: 1.39% red area
2025-02-18 16:21:35 - Center: 0.76% red area
2025-02-18 16:21:35 - Right: 0.00% red area
2025-02-18 16:21:35 - Most red section: Left
2025-02-18 16:21:37 - Image captured and saved to /home/cansat-stu/cansat/Camera/img_20250218-162136.jpg.
2025-02-18 16:21:37 - Threshold processed image saved to /home/cansat-stu/cansat/Camera/threshold_img_20250218-162136.jpg.
2025-02-18 16:21:37 - Left: 0.00% red area
2025-02-18 16:21:37 - Center: 4.09% red area
2025-02-18 16:21:37 - Right: 0.00% red area
2025-02-18 16:21:37 - Most red section: Center
2025-02-18 16:21:39 - Image captured and saved to /home/cansat-stu/cansat/Camera/img_20250218-162139.jpg.
2025-02-18 16:21:39 - Threshold processed image saved to /home/cansat-stu/cansat/Camera/threshold_img_20250218-162139.jpg.
2025-02-18 16:21:39 - Left: 0.00% red area
2025-02-18 16:21:39 - Center: 0.00% red area
2025-02-18 16:21:39 - Right: 0.00% red area
2025-02-18 16:21:39 - Most red section: Left
2025-02-18 16:21:39 - Red area is below 0.05% in all sections. Returning None.
2025-02-18 16:21:40 - Image captured and saved to /home/cansat-stu/cansat/Camera/img_20250218-162140.jpg.
2025-02-18 16:21:40 - Threshold processed image saved to /home/cansat-stu/cansat/Camera/threshold_img_20250218-162140.jpg.
2025-02-18 16:21:40 - Left: 0.00% red area
2025-02-18 16:21:40 - Center: 7.00% red area
2025-02-18 16:21:40 - Right: 0.00% red area
2025-02-18 16:21:40 - Most red section: Center
2025-02-18 16:21:42 - Image captured and saved to /home/cansat-stu/cansat/Camera/img_20250218-162142.jpg.
2025-02-18 16:21:42 - Threshold processed image saved to /home/cansat-stu/cansat/Camera/threshold_img_20250218-162142.jpg.
2025-02-18 16:21:42 - Left: 0.00% red area
2025-02-18 16:21:42 - Center: 0.00% red area
2025-02-18 16:21:42 - Right: 0.00% red area
2025-02-18 16:21:42 - Most red section: Left
2025-02-18 16:21:42 - Red area is below 0.05% in all sections. Returning None.
2025-02-18 16:21:44 - Image captured and saved to /home/cansat-stu/cansat/Camera/img_20250218-162144.jpg.
2025-02-18 16:21:44 - Threshold processed image saved to /home/cansat-stu/cansat/Camera/threshold_img_20250218-162144.jpg.
2025-02-18 16:21:44 - Left: 0.00% red area
2025-02-18 16:21:44 - Center: 0.00% red area
2025-02-18 16:21:44 - Right: 0.00% red area
2025-02-18 16:21:44 - Most red section: Left
2025-02-18 16:21:44 - Red area is below 0.05% in all sections. Returning None.
2025-02-18 16:21:45 - Image captured and saved to /home/cansat-stu/cansat/Camera/img_20250218-162145.jpg.
2025-02-18 16:21:45 - Threshold processed image saved to /home/cansat-stu/cansat/Camera/threshold_img_20250218-162145.jpg.
2025-02-18 16:21:45 - Left: 0.00% red area
2025-02-18 16:21:45 - Center: 0.00% red area
2025-02-18 16:21:45 - Right: 0.00% red area
2025-02-18 16:21:45 - Most red section: Left
2025-02-18 16:21:45 - Red area is below 0.05% in all sections. Returning None.
2025-02-18 16:21:46 - Image captured and saved to /home/cansat-stu/cansat/Camera/img_20250218-162146.jpg.
2025-02-18 16:21:46 - Threshold processed image saved to /home/cansat-stu/cansat/Camera/threshold_img_20250218-162146.jpg.
2025-02-18 16:21:46 - Left: 0.00% red area
2025-02-18 16:21:46 - Center: 0.00% red area
2025-02-18 16:21:46 - Right: 0.00% red area
2025-02-18 16:21:46 - Most red section: Left
2025-02-18 16:21:46 - Red area is below 0.05% in all sections. Returning None.
2025-02-18 16:21:48 - Image captured and saved to /home/cansat-stu/cansat/Camera/img_20250218-162148.jpg.
2025-02-18 16:21:48 - Threshold processed image saved to /home/cansat-stu/cansat/Camera/threshold_img_20250218-162148.jpg.
2025-02-18 16:21:48 - Left: 0.00% red area
2025-02-18 16:21:48 - Center: 0.00% red area
2025-02-18 16:21:48 - Right: 0.00% red area
2025-02-18 16:21:48 - Most red section: Left
2025-02-18 16:21:48 - Red area is below 0.05% in all sections. Returning None.
2025-02-18 16:21:49 - Image captured and saved to /home/cansat-stu/cansat/Camera/img_20250218-162149.jpg.
2025-02-18 16:21:49 - Threshold processed image saved to /home/cansat-stu/cansat/Camera/threshold_img_20250218-162149.jpg.
2025-02-18 16:21:49 - Left: 0.00% red area
2025-02-18 16:21:49 - Center: 0.00% red area
2025-02-18 16:21:49 - Right: 0.00% red area
2025-02-18 16:21:49 - Most red section: Left
2025-02-18 16:21:49 - Red area is below 0.05% in all sections. Returning None.
2025-02-18 16:21:51 - Image captured and saved to /home/cansat-stu/cansat/Camera/img_20250218-162151.jpg.
2025-02-18 16:21:51 - Threshold processed image saved to /home/cansat-stu/cansat/Camera/threshold_img_20250218-162151.jpg.
2025-02-18 16:21:51 - Left: 0.00% red area
2025-02-18 16:21:51 - Center: 0.00% red area
2025-02-18 16:21:51 - Right: 0.00% red area
2025-02-18 16:21:51 - Most red section: Left
2025-02-18 16:21:51 - Red area is below 0.05% in all sections. Returning None.
2025-02-18 16:21:52 - Image captured and saved to /home/cansat-stu/cansat/Camera/img_20250218-162152.jpg.
2025-02-18 16:21:52 - Threshold processed image saved to /home/cansat-stu/cansat/Camera/threshold_img_20250218-162152.jpg.
2025-02-18 16:21:52 - Left: 0.00% red area
2025-02-18 16:21:52 - Center: 0.00% red area
2025-02-18 16:21:52 - Right: 0.00% red area
2025-02-18 16:21:52 - Most red section: Left
2025-02-18 16:21:52 - Red area is below 0.05% in all sections. Returning None.
2025-02-18 16:21:53 - Image captured and saved to /home/cansat-stu/cansat/Camera/img_20250218-162153.jpg.
2025-02-18 16:21:53 - Threshold processed image saved to /home/cansat-stu/cansat/Camera/threshold_img_20250218-162153.jpg.
2025-02-18 16:21:53 - Left: 0.00% red area
2025-02-18 16:21:53 - Center: 16.64% red area
2025-02-18 16:21:53 - Right: 0.06% red area
2025-02-18 16:21:53 - Most red section: Center
2025-02-18 16:21:56 - Image captured and saved to /home/cansat-stu/cansat/Camera/img_20250218-162156.jpg.
2025-02-18 16:21:56 - Threshold processed image saved to /home/cansat-stu/cansat/Camera/threshold_img_20250218-162156.jpg.
2025-02-18 16:21:56 - Left: 0.00% red area
2025-02-18 16:21:56 - Center: 0.00% red area
2025-02-18 16:21:56 - Right: 0.00% red area
2025-02-18 16:21:56 - Most red section: Left
2025-02-18 16:21:56 - Red area is below 0.05% in all sections. Returning None.
2025-02-18 16:21:57 - Image captured and saved to /home/cansat-stu/cansat/Camera/img_20250218-162157.jpg.
2025-02-18 16:21:57 - Threshold processed image saved to /home/cansat-stu/cansat/Camera/threshold_img_20250218-162157.jpg.
2025-02-18 16:21:57 - Left: 0.00% red area
2025-02-18 16:21:57 - Center: 18.48% red area
2025-02-18 16:21:57 - Right: 2.76% red area
2025-02-18 16:21:57 - Most red section: Center
2025-02-18 16:21:59 - Image captured and saved to /home/cansat-stu/cansat/Camera/img_20250218-162159.jpg.
2025-02-18 16:21:59 - Threshold processed image saved to /home/cansat-stu/cansat/Camera/threshold_img_20250218-162159.jpg.
2025-02-18 16:21:59 - Left: 0.00% red area
2025-02-18 16:21:59 - Center: 0.00% red area
2025-02-18 16:21:59 - Right: 0.00% red area
2025-02-18 16:21:59 - Most red section: Left
2025-02-18 16:21:59 - Red area is below 0.05% in all sections. Returning None.
2025-02-18 16:22:01 - Image captured and saved to /home/cansat-stu/cansat/Camera/img_20250218-162200.jpg.
2025-02-18 16:22:01 - Threshold processed image saved to /home/cansat-stu/cansat/Camera/threshold_img_20250218-162200.jpg.
2025-02-18 16:22:01 - Left: 0.00% red area
2025-02-18 16:22:01 - Center: 0.00% red area
2025-02-18 16:22:01 - Right: 0.00% red area
2025-02-18 16:22:01 - Most red section: Left
2025-02-18 16:22:01 - Red area is below 0.05% in all sections. Returning None.
2025-02-18 16:22:02 - Image captured and saved to /home/cansat-stu/cansat/Camera/img_20250218-162202.jpg.
2025-02-18 16:22:02 - Threshold processed image saved to /home/cansat-stu/cansat/Camera/threshold_img_20250218-162202.jpg.
2025-02-18 16:22:02 - Left: 0.00% red area
2025-02-18 16:22:02 - Center: 0.00% red area
2025-02-18 16:22:02 - Right: 0.00% red area
2025-02-18 16:22:02 - Most red section: Left
2025-02-18 16:22:02 - Red area is below 0.05% in all sections. Returning None.
2025-02-18 16:22:03 - Image captured and saved to /home/cansat-stu/cansat/Camera/img_20250218-162203.jpg.
2025-02-18 16:22:03 - Threshold processed image saved to /home/cansat-stu/cansat/Camera/threshold_img_20250218-162203.jpg.
2025-02-18 16:22:03 - Left: 0.00% red area
2025-02-18 16:22:03 - Center: 0.00% red area
2025-02-18 16:22:03 - Right: 0.00% red area
2025-02-18 16:22:03 - Most red section: Left
2025-02-18 16:22:03 - Red area is below 0.05% in all sections. Returning None.
2025-02-18 16:22:05 - Image captured and saved to /home/cansat-stu/cansat/Camera/img_20250218-162205.jpg.
2025-02-18 16:22:05 - Threshold processed image saved to /home/cansat-stu/cansat/Camera/threshold_img_20250218-162205.jpg.
2025-02-18 16:22:05 - Left: 0.39% red area
2025-02-18 16:22:05 - Center: 4.12% red area
2025-02-18 16:22:05 - Right: 0.00% red area
2025-02-18 16:22:05 - Most red section: Center
2025-02-18 16:22:07 - Image captured and saved to /home/cansat-stu/cansat/Camera/img_20250218-162207.jpg.
2025-02-18 16:22:07 - Threshold processed image saved to /home/cansat-stu/cansat/Camera/threshold_img_20250218-162207.jpg.
2025-02-18 16:22:07 - Left: 0.00% red area
2025-02-18 16:22:07 - Center: 20.21% red area
2025-02-18 16:22:07 - Right: 0.55% red area
2025-02-18 16:22:07 - Most red section: Center
2025-02-18 16:22:09 - Image captured and saved to /home/cansat-stu/cansat/Camera/img_20250218-162209.jpg.
2025-02-18 16:22:09 - Threshold processed image saved to /home/cansat-stu/cansat/Camera/threshold_img_20250218-162209.jpg.
2025-02-18 16:22:09 - Left: 0.00% red area
2025-02-18 16:22:09 - Center: 0.00% red area
2025-02-18 16:22:09 - Right: 0.00% red area
2025-02-18 16:22:09 - Most red section: Left
2025-02-18 16:22:09 - Red area is below 0.05% in all sections. Returning None.
2025-02-18 16:22:11 - Image captured and saved to /home/cansat-stu/cansat/Camera/img_20250218-162210.jpg.
2025-02-18 16:22:11 - Threshold processed image saved to /home/cansat-stu/cansat/Camera/threshold_img_20250218-162210.jpg.
2025-02-18 16:22:11 - Left: 0.00% red area
2025-02-18 16:22:11 - Center: 0.00% red area
2025-02-18 16:22:11 - Right: 0.00% red area
2025-02-18 16:22:11 - Most red section: Left
2025-02-18 16:22:11 - Red area is below 0.05% in all sections. Returning None.
2025-02-18 16:22:12 - Image captured and saved to /home/cansat-stu/cansat/Camera/img_20250218-162212.jpg.
2025-02-18 16:22:12 - Threshold processed image saved to /home/cansat-stu/cansat/Camera/threshold_img_20250218-162212.jpg.
2025-02-18 16:22:12 - Left: 0.00% red area
2025-02-18 16:22:12 - Center: 0.00% red area
2025-02-18 16:22:12 - Right: 0.00% red area
2025-02-18 16:22:12 - Most red section: Left
2025-02-18 16:22:12 - Red area is below 0.05% in all sections. Returning None.
2025-02-18 16:22:13 - Image captured and saved to /home/cansat-stu/cansat/Camera/img_20250218-162213.jpg.
2025-02-18 16:22:13 - Threshold processed image saved to /home/cansat-stu/cansat/Camera/threshold_img_20250218-162213.jpg.
2025-02-18 16:22:13 - Left: 0.00% red area
2025-02-18 16:22:13 - Center: 15.55% red area
2025-02-18 16:22:13 - Right: 3.85% red area
2025-02-18 16:22:13 - Most red section: Center
2025-02-18 16:22:15 - Image captured and saved to /home/cansat-stu/cansat/Camera/img_20250218-162215.jpg.
2025-02-18 16:22:15 - Threshold processed image saved to /home/cansat-stu/cansat/Camera/threshold_img_20250218-162215.jpg.
2025-02-18 16:22:15 - Left: 0.00% red area
2025-02-18 16:22:15 - Center: 0.00% red area
2025-02-18 16:22:15 - Right: 0.00% red area
2025-02-18 16:22:15 - Most red section: Left
2025-02-18 16:22:15 - Red area is below 0.05% in all sections. Returning None.
2025-02-18 16:22:17 - Image captured and saved to /home/cansat-stu/cansat/Camera/img_20250218-162217.jpg.
2025-02-18 16:22:17 - Threshold processed image saved to /home/cansat-stu/cansat/Camera/threshold_img_20250218-162217.jpg.
2025-02-18 16:22:17 - Left: 0.00% red area
2025-02-18 16:22:17 - Center: 0.00% red area
2025-02-18 16:22:17 - Right: 0.00% red area
2025-02-18 16:22:17 - Most red section: Left
2025-02-18 16:22:17 - Red area is below 0.05% in all sections. Returning None.
2025-02-18 16:22:18 - Image captured and saved to /home/cansat-stu/cansat/Camera/img_20250218-162218.jpg.
2025-02-18 16:22:18 - Threshold processed image saved to /home/cansat-stu/cansat/Camera/threshold_img_20250218-162218.jpg.
2025-02-18 16:22:18 - Left: 0.00% red area
2025-02-18 16:22:18 - Center: 0.00% red area
2025-02-18 16:22:18 - Right: 0.00% red area
2025-02-18 16:22:18 - Most red section: Left
2025-02-18 16:22:18 - Red area is below 0.05% in all sections. Returning None.
2025-02-18 16:22:20 - Image captured and saved to /home/cansat-stu/cansat/Camera/img_20250218-162220.jpg.
2025-02-18 16:22:20 - Threshold processed image saved to /home/cansat-stu/cansat/Camera/threshold_img_20250218-162220.jpg.
2025-02-18 16:22:20 - Left: 0.00% red area
2025-02-18 16:22:20 - Center: 0.00% red area
2025-02-18 16:22:20 - Right: 0.00% red area
2025-02-18 16:22:20 - Most red section: Left
2025-02-18 16:22:20 - Red area is below 0.05% in all sections. Returning None.
2025-02-18 16:22:21 - Image captured and saved to /home/cansat-stu/cansat/Camera/img_20250218-162221.jpg.
2025-02-18 16:22:21 - Threshold processed image saved to /home/cansat-stu/cansat/Camera/threshold_img_20250218-162221.jpg.
2025-02-18 16:22:21 - Left: 0.00% red area
2025-02-18 16:22:21 - Center: 0.00% red area
2025-02-18 16:22:21 - Right: 0.00% red area
2025-02-18 16:22:21 - Most red section: Left
2025-02-18 16:22:21 - Red area is below 0.05% in all sections. Returning None.
2025-02-18 16:22:22 - Image captured and saved to /home/cansat-stu/cansat/Camera/img_20250218-162222.jpg.
2025-02-18 16:22:22 - Threshold processed image saved to /home/cansat-stu/cansat/Camera/threshold_img_20250218-162222.jpg.
2025-02-18 16:22:22 - Left: 0.00% red area
2025-02-18 16:22:22 - Center: 0.00% red area
2025-02-18 16:22:22 - Right: 0.00% red area
2025-02-18 16:22:22 - Most red section: Left
2025-02-18 16:22:22 - Red area is below 0.05% in all sections. Returning None.
2025-02-18 16:22:24 - Image captured and saved to /home/cansat-stu/cansat/Camera/img_20250218-162224.jpg.
2025-02-18 16:22:24 - Threshold processed image saved to /home/cansat-stu/cansat/Camera/threshold_img_20250218-162224.jpg.
2025-02-18 16:22:24 - Left: 0.00% red area
2025-02-18 16:22:24 - Center: 0.00% red area
2025-02-18 16:22:24 - Right: 0.00% red area
2025-02-18 16:22:24 - Most red section: Left
2025-02-18 16:22:24 - Red area is below 0.05% in all sections. Returning None.
2025-02-18 16:22:25 - Image captured and saved to /home/cansat-stu/cansat/Camera/img_20250218-162225.jpg.
2025-02-18 16:22:25 - Threshold processed image saved to /home/cansat-stu/cansat/Camera/threshold_img_20250218-162225.jpg.
2025-02-18 16:22:25 - Left: 0.00% red area
2025-02-18 16:22:25 - Center: 0.00% red area
2025-02-18 16:22:25 - Right: 0.00% red area
2025-02-18 16:22:25 - Most red section: Left
2025-02-18 16:22:25 - Red area is below 0.05% in all sections. Returning None.
2025-02-18 16:22:26 - Image captured and saved to /home/cansat-stu/cansat/Camera/img_20250218-162226.jpg.
2025-02-18 16:22:26 - Threshold processed image saved to /home/cansat-stu/cansat/Camera/threshold_img_20250218-162226.jpg.
2025-02-18 16:22:26 - Left: 0.00% red area
2025-02-18 16:22:26 - Center: 0.00% red area
2025-02-18 16:22:26 - Right: 0.85% red area
2025-02-18 16:22:26 - Most red section: Right
2025-02-18 16:22:28 - Image captured and saved to /home/cansat-stu/cansat/Camera/img_20250218-162228.jpg.
2025-02-18 16:22:28 - Threshold processed image saved to /home/cansat-stu/cansat/Camera/threshold_img_20250218-162228.jpg.
2025-02-18 16:22:28 - Left: 0.00% red area
2025-02-18 16:22:28 - Center: 0.00% red area
2025-02-18 16:22:28 - Right: 1.21% red area
2025-02-18 16:22:28 - Most red section: Right
2025-02-18 16:22:29 - Image captured and saved to /home/cansat-stu/cansat/Camera/img_20250218-162229.jpg.
2025-02-18 16:22:29 - Threshold processed image saved to /home/cansat-stu/cansat/Camera/threshold_img_20250218-162229.jpg.
2025-02-18 16:22:29 - Left: 0.00% red area
2025-02-18 16:22:29 - Center: 0.00% red area
2025-02-18 16:22:29 - Right: 0.61% red area
2025-02-18 16:22:29 - Most red section: Right
2025-02-18 16:22:30 - Image captured and saved to /home/cansat-stu/cansat/Camera/img_20250218-162230.jpg.
2025-02-18 16:22:30 - Threshold processed image saved to /home/cansat-stu/cansat/Camera/threshold_img_20250218-162230.jpg.
2025-02-18 16:22:30 - Left: 0.00% red area
2025-02-18 16:22:30 - Center: 0.00% red area
2025-02-18 16:22:30 - Right: 0.45% red area
2025-02-18 16:22:30 - Most red section: Right
2025-02-18 16:22:31 - Image captured and saved to /home/cansat-stu/cansat/Camera/img_20250218-162231.jpg.
2025-02-18 16:22:31 - Threshold processed image saved to /home/cansat-stu/cansat/Camera/threshold_img_20250218-162231.jpg.
2025-02-18 16:22:31 - Left: 0.00% red area
2025-02-18 16:22:31 - Center: 0.00% red area
2025-02-18 16:22:31 - Right: 0.00% red area
2025-02-18 16:22:31 - Most red section: Left
2025-02-18 16:22:31 - Red area is below 0.05% in all sections. Returning None.
2025-02-18 16:22:33 - Image captured and saved to /home/cansat-stu/cansat/Camera/img_20250218-162233.jpg.
2025-02-18 16:22:33 - Threshold processed image saved to /home/cansat-stu/cansat/Camera/threshold_img_20250218-162233.jpg.
2025-02-18 16:22:33 - Left: 0.00% red area
2025-02-18 16:22:33 - Center: 0.00% red area
2025-02-18 16:22:33 - Right: 0.00% red area
2025-02-18 16:22:33 - Most red section: Left
2025-02-18 16:22:33 - Red area is below 0.05% in all sections. Returning None.
2025-02-18 16:22:34 - Image captured and saved to /home/cansat-stu/cansat/Camera/img_20250218-162234.jpg.
2025-02-18 16:22:34 - Threshold processed image saved to /home/cansat-stu/cansat/Camera/threshold_img_20250218-162234.jpg.
2025-02-18 16:22:34 - Left: 0.00% red area
2025-02-18 16:22:34 - Center: 0.00% red area
2025-02-18 16:22:34 - Right: 0.00% red area
2025-02-18 16:22:34 - Most red section: Left
2025-02-18 16:22:34 - Red area is below 0.05% in all sections. Returning None.
2025-02-18 16:22:36 - Image captured and saved to /home/cansat-stu/cansat/Camera/img_20250218-162235.jpg.
2025-02-18 16:22:36 - Threshold processed image saved to /home/cansat-stu/cansat/Camera/threshold_img_20250218-162235.jpg.
2025-02-18 16:22:36 - Left: 0.00% red area
2025-02-18 16:22:36 - Center: 0.00% red area
2025-02-18 16:22:36 - Right: 0.00% red area
2025-02-18 16:22:36 - Most red section: Left
2025-02-18 16:22:36 - Red area is below 0.05% in all sections. Returning None.
2025-02-18 16:22:37 - Image captured and saved to /home/cansat-stu/cansat/Camera/img_20250218-162237.jpg.
2025-02-18 16:22:37 - Threshold processed image saved to /home/cansat-stu/cansat/Camera/threshold_img_20250218-162237.jpg.
2025-02-18 16:22:37 - Left: 0.00% red area
2025-02-18 16:22:37 - Center: 0.00% red area
2025-02-18 16:22:37 - Right: 0.00% red area
2025-02-18 16:22:37 - Most red section: Left
2025-02-18 16:22:37 - Red area is below 0.05% in all sections. Returning None.
2025-02-18 16:22:38 - Image captured and saved to /home/cansat-stu/cansat/Camera/img_20250218-162238.jpg.
2025-02-18 16:22:38 - Threshold processed image saved to /home/cansat-stu/cansat/Camera/threshold_img_20250218-162238.jpg.
2025-02-18 16:22:38 - Left: 0.00% red area
2025-02-18 16:22:38 - Center: 0.00% red area
2025-02-18 16:22:38 - Right: 0.00% red area
2025-02-18 16:22:38 - Most red section: Left
2025-02-18 16:22:38 - Red area is below 0.05% in all sections. Returning None.
2025-02-18 16:22:40 - Image captured and saved to /home/cansat-stu/cansat/Camera/img_20250218-162240.jpg.
2025-02-18 16:22:40 - Threshold processed image saved to /home/cansat-stu/cansat/Camera/threshold_img_20250218-162240.jpg.
2025-02-18 16:22:40 - Left: 0.00% red area
2025-02-18 16:22:40 - Center: 0.00% red area
2025-02-18 16:22:40 - Right: 0.00% red area
2025-02-18 16:22:40 - Most red section: Left
2025-02-18 16:22:40 - Red area is below 0.05% in all sections. Returning None.
2025-02-18 16:22:41 - Image captured and saved to /home/cansat-stu/cansat/Camera/img_20250218-162241.jpg.
2025-02-18 16:22:41 - Threshold processed image saved to /home/cansat-stu/cansat/Camera/threshold_img_20250218-162241.jpg.
2025-02-18 16:22:41 - Left: 0.00% red area
2025-02-18 16:22:41 - Center: 6.79% red area
2025-02-18 16:22:41 - Right: 4.73% red area
2025-02-18 16:22:41 - Most red section: Center
2025-02-18 16:22:43 - Image captured and saved to /home/cansat-stu/cansat/Camera/img_20250218-162243.jpg.
2025-02-18 16:22:43 - Threshold processed image saved to /home/cansat-stu/cansat/Camera/threshold_img_20250218-162243.jpg.
2025-02-18 16:22:43 - Left: 0.00% red area
2025-02-18 16:22:43 - Center: 0.00% red area
2025-02-18 16:22:43 - Right: 0.00% red area
2025-02-18 16:22:43 - Most red section: Left
2025-02-18 16:22:43 - Red area is below 0.05% in all sections. Returning None.
2025-02-18 16:22:45 - Image captured and saved to /home/cansat-stu/cansat/Camera/img_20250218-162245.jpg.
2025-02-18 16:22:45 - Threshold processed image saved to /home/cansat-stu/cansat/Camera/threshold_img_20250218-162245.jpg.
2025-02-18 16:22:45 - Left: 1.97% red area
2025-02-18 16:22:45 - Center: 12.03% red area
2025-02-18 16:22:45 - Right: 0.00% red area
2025-02-18 16:22:45 - Most red section: Center
2025-02-18 16:22:47 - Image captured and saved to /home/cansat-stu/cansat/Camera/img_20250218-162247.jpg.
2025-02-18 16:22:47 - Threshold processed image saved to /home/cansat-stu/cansat/Camera/threshold_img_20250218-162247.jpg.
2025-02-18 16:22:47 - Left: 0.00% red area
2025-02-18 16:22:47 - Center: 0.00% red area
2025-02-18 16:22:47 - Right: 0.00% red area
2025-02-18 16:22:47 - Most red section: Left
2025-02-18 16:22:47 - Red area is below 0.05% in all sections. Returning None.
2025-02-18 16:22:48 - Image captured and saved to /home/cansat-stu/cansat/Camera/img_20250218-162248.jpg.
2025-02-18 16:22:48 - Threshold processed image saved to /home/cansat-stu/cansat/Camera/threshold_img_20250218-162248.jpg.
2025-02-18 16:22:48 - Left: 0.00% red area
2025-02-18 16:22:48 - Center: 0.00% red area
2025-02-18 16:22:48 - Right: 11.15% red area
2025-02-18 16:22:48 - Most red section: Right
2025-02-18 16:22:50 - Image captured and saved to /home/cansat-stu/cansat/Camera/img_20250218-162249.jpg.
2025-02-18 16:22:50 - Threshold processed image saved to /home/cansat-stu/cansat/Camera/threshold_img_20250218-162249.jpg.
2025-02-18 16:22:50 - Left: 0.00% red area
2025-02-18 16:22:50 - Center: 0.00% red area
2025-02-18 16:22:50 - Right: 5.12% red area
2025-02-18 16:22:50 - Most red section: Right
2025-02-18 16:22:51 - Image captured and saved to /home/cansat-stu/cansat/Camera/img_20250218-162251.jpg.
2025-02-18 16:22:51 - Threshold processed image saved to /home/cansat-stu/cansat/Camera/threshold_img_20250218-162251.jpg.
2025-02-18 16:22:51 - Left: 0.00% red area
2025-02-18 16:22:51 - Center: 0.00% red area
2025-02-18 16:22:51 - Right: 0.00% red area
2025-02-18 16:22:51 - Most red section: Left
2025-02-18 16:22:51 - Red area is below 0.05% in all sections. Returning None.
2025-02-18 16:22:52 - Image captured and saved to /home/cansat-stu/cansat/Camera/img_20250218-162252.jpg.
2025-02-18 16:22:52 - Threshold processed image saved to /home/cansat-stu/cansat/Camera/threshold_img_20250218-162252.jpg.
2025-02-18 16:22:52 - Left: 0.00% red area
2025-02-18 16:22:52 - Center: 0.00% red area
2025-02-18 16:22:52 - Right: 0.00% red area
2025-02-18 16:22:52 - Most red section: Left
2025-02-18 16:22:52 - Red area is below 0.05% in all sections. Returning None.
2025-02-18 16:22:53 - Image captured and saved to /home/cansat-stu/cansat/Camera/img_20250218-162253.jpg.
2025-02-18 16:22:54 - Threshold processed image saved to /home/cansat-stu/cansat/Camera/threshold_img_20250218-162253.jpg.
2025-02-18 16:22:54 - Left: 0.00% red area
2025-02-18 16:22:54 - Center: 0.00% red area
2025-02-18 16:22:54 - Right: 0.00% red area
2025-02-18 16:22:54 - Most red section: Left
2025-02-18 16:22:54 - Red area is below 0.05% in all sections. Returning None.
2025-02-18 16:22:55 - Image captured and saved to /home/cansat-stu/cansat/Camera/img_20250218-162255.jpg.
2025-02-18 16:22:55 - Threshold processed image saved to /home/cansat-stu/cansat/Camera/threshold_img_20250218-162255.jpg.
2025-02-18 16:22:55 - Left: 0.00% red area
2025-02-18 16:22:55 - Center: 0.00% red area
2025-02-18 16:22:55 - Right: 0.00% red area
2025-02-18 16:22:55 - Most red section: Left
2025-02-18 16:22:55 - Red area is below 0.05% in all sections. Returning None.
2025-02-18 16:22:56 - Image captured and saved to /home/cansat-stu/cansat/Camera/img_20250218-162256.jpg.
2025-02-18 16:22:56 - Threshold processed image saved to /home/cansat-stu/cansat/Camera/threshold_img_20250218-162256.jpg.
2025-02-18 16:22:56 - Left: 0.00% red area
2025-02-18 16:22:56 - Center: 0.00% red area
2025-02-18 16:22:56 - Right: 0.00% red area
2025-02-18 16:22:56 - Most red section: Left
2025-02-18 16:22:56 - Red area is below 0.05% in all sections. Returning None.
2025-02-18 16:22:58 - Image captured and saved to /home/cansat-stu/cansat/Camera/img_20250218-162258.jpg.
2025-02-18 16:22:58 - Threshold processed image saved to /home/cansat-stu/cansat/Camera/threshold_img_20250218-162258.jpg.
2025-02-18 16:22:58 - Left: 0.00% red area
2025-02-18 16:22:58 - Center: 0.00% red area
2025-02-18 16:22:58 - Right: 0.00% red area
2025-02-18 16:22:58 - Most red section: Left
2025-02-18 16:22:58 - Red area is below 0.05% in all sections. Returning None.
2025-02-18 16:23:25 - Image captured and saved to /home/cansat-stu/cansat/Camera/img_20250218-162324.jpg.
2025-02-18 16:23:25 - Threshold processed image saved to /home/cansat-stu/cansat/Camera/threshold_img_20250218-162324.jpg.
2025-02-18 16:23:25 - Left: 0.00% red area
2025-02-18 16:23:25 - Center: 0.00% red area
2025-02-18 16:23:25 - Right: 0.00% red area
2025-02-18 16:23:25 - Most red section: Left
2025-02-18 16:23:25 - Red area is below 0.05% in all sections. Returning None.
2025-02-18 16:23:27 - Image captured and saved to /home/cansat-stu/cansat/Camera/img_20250218-162326.jpg.
2025-02-18 16:23:27 - Threshold processed image saved to /home/cansat-stu/cansat/Camera/threshold_img_20250218-162326.jpg.
2025-02-18 16:23:27 - Left: 0.00% red area
2025-02-18 16:23:27 - Center: 0.00% red area
2025-02-18 16:23:27 - Right: 0.00% red area
2025-02-18 16:23:27 - Most red section: Left
2025-02-18 16:23:27 - Red area is below 0.05% in all sections. Returning None.
2025-02-18 16:23:28 - Image captured and saved to /home/cansat-stu/cansat/Camera/img_20250218-162328.jpg.
2025-02-18 16:23:28 - Threshold processed image saved to /home/cansat-stu/cansat/Camera/threshold_img_20250218-162328.jpg.
2025-02-18 16:23:28 - Left: 0.00% red area
2025-02-18 16:23:28 - Center: 0.00% red area
2025-02-18 16:23:28 - Right: 0.00% red area
2025-02-18 16:23:28 - Most red section: Left
2025-02-18 16:23:28 - Red area is below 0.05% in all sections. Returning None.
2025-02-18 16:23:29 - Image captured and saved to /home/cansat-stu/cansat/Camera/img_20250218-162329.jpg.
2025-02-18 16:23:29 - Threshold processed image saved to /home/cansat-stu/cansat/Camera/threshold_img_20250218-162329.jpg.
2025-02-18 16:23:29 - Left: 0.00% red area
2025-02-18 16:23:29 - Center: 0.00% red area
2025-02-18 16:23:29 - Right: 0.00% red area
2025-02-18 16:23:29 - Most red section: Left
2025-02-18 16:23:29 - Red area is below 0.05% in all sections. Returning None.
2025-02-18 16:23:31 - Image captured and saved to /home/cansat-stu/cansat/Camera/img_20250218-162331.jpg.
2025-02-18 16:23:31 - Threshold processed image saved to /home/cansat-stu/cansat/Camera/threshold_img_20250218-162331.jpg.
2025-02-18 16:23:31 - Left: 0.00% red area
2025-02-18 16:23:31 - Center: 0.00% red area
2025-02-18 16:23:31 - Right: 0.00% red area
2025-02-18 16:23:31 - Most red section: Left
2025-02-18 16:23:31 - Red area is below 0.05% in all sections. Returning None.
2025-02-18 16:23:32 - Image captured and saved to /home/cansat-stu/cansat/Camera/img_20250218-162332.jpg.
2025-02-18 16:23:32 - Threshold processed image saved to /home/cansat-stu/cansat/Camera/threshold_img_20250218-162332.jpg.
2025-02-18 16:23:32 - Left: 0.00% red area
2025-02-18 16:23:32 - Center: 0.00% red area
2025-02-18 16:23:32 - Right: 0.00% red area
2025-02-18 16:23:32 - Most red section: Left
2025-02-18 16:23:32 - Red area is below 0.05% in all sections. Returning None.
2025-02-18 16:23:34 - Image captured and saved to /home/cansat-stu/cansat/Camera/img_20250218-162333.jpg.
2025-02-18 16:23:34 - Threshold processed image saved to /home/cansat-stu/cansat/Camera/threshold_img_20250218-162333.jpg.
2025-02-18 16:23:34 - Left: 0.00% red area
2025-02-18 16:23:34 - Center: 4.52% red area
2025-02-18 16:23:34 - Right: 0.70% red area
2025-02-18 16:23:34 - Most red section: Center
2025-02-18 16:23:36 - Image captured and saved to /home/cansat-stu/cansat/Camera/img_20250218-162336.jpg.
2025-02-18 16:23:36 - Threshold processed image saved to /home/cansat-stu/cansat/Camera/threshold_img_20250218-162336.jpg.
2025-02-18 16:23:36 - Left: 0.00% red area
2025-02-18 16:23:36 - Center: 0.00% red area
2025-02-18 16:23:36 - Right: 0.00% red area
2025-02-18 16:23:36 - Most red section: Left
2025-02-18 16:23:36 - Red area is below 0.05% in all sections. Returning None.
2025-02-18 16:23:37 - Image captured and saved to /home/cansat-stu/cansat/Camera/img_20250218-162337.jpg.
2025-02-18 16:23:37 - Threshold processed image saved to /home/cansat-stu/cansat/Camera/threshold_img_20250218-162337.jpg.
2025-02-18 16:23:37 - Left: 0.00% red area
2025-02-18 16:23:37 - Center: 0.00% red area
2025-02-18 16:23:37 - Right: 0.00% red area
2025-02-18 16:23:37 - Most red section: Left
2025-02-18 16:23:37 - Red area is below 0.05% in all sections. Returning None.
2025-02-18 16:23:38 - Image captured and saved to /home/cansat-stu/cansat/Camera/img_20250218-162338.jpg.
2025-02-18 16:23:38 - Threshold processed image saved to /home/cansat-stu/cansat/Camera/threshold_img_20250218-162338.jpg.
2025-02-18 16:23:38 - Left: 0.00% red area
2025-02-18 16:23:38 - Center: 0.00% red area
2025-02-18 16:23:38 - Right: 0.00% red area
2025-02-18 16:23:38 - Most red section: Left
2025-02-18 16:23:38 - Red area is below 0.05% in all sections. Returning None.
2025-02-18 16:23:40 - Image captured and saved to /home/cansat-stu/cansat/Camera/img_20250218-162340.jpg.
2025-02-18 16:23:40 - Threshold processed image saved to /home/cansat-stu/cansat/Camera/threshold_img_20250218-162340.jpg.
2025-02-18 16:23:40 - Left: 0.00% red area
2025-02-18 16:23:40 - Center: 0.00% red area
2025-02-18 16:23:40 - Right: 0.00% red area
2025-02-18 16:23:40 - Most red section: Left
2025-02-18 16:23:40 - Red area is below 0.05% in all sections. Returning None.
2025-02-18 16:23:41 - Image captured and saved to /home/cansat-stu/cansat/Camera/img_20250218-162341.jpg.
2025-02-18 16:23:41 - Threshold processed image saved to /home/cansat-stu/cansat/Camera/threshold_img_20250218-162341.jpg.
2025-02-18 16:23:41 - Left: 0.00% red area
2025-02-18 16:23:41 - Center: 0.00% red area
2025-02-18 16:23:41 - Right: 0.00% red area
2025-02-18 16:23:41 - Most red section: Left
2025-02-18 16:23:41 - Red area is below 0.05% in all sections. Returning None.
2025-02-18 16:23:43 - Image captured and saved to /home/cansat-stu/cansat/Camera/img_20250218-162342.jpg.
2025-02-18 16:23:43 - Threshold processed image saved to /home/cansat-stu/cansat/Camera/threshold_img_20250218-162342.jpg.
2025-02-18 16:23:43 - Left: 0.00% red area
2025-02-18 16:23:43 - Center: 0.00% red area
2025-02-18 16:23:43 - Right: 0.00% red area
2025-02-18 16:23:43 - Most red section: Left
2025-02-18 16:23:43 - Red area is below 0.05% in all sections. Returning None.
2025-02-18 16:23:44 - Image captured and saved to /home/cansat-stu/cansat/Camera/img_20250218-162344.jpg.
2025-02-18 16:23:44 - Threshold processed image saved to /home/cansat-stu/cansat/Camera/threshold_img_20250218-162344.jpg.
2025-02-18 16:23:44 - Left: 0.00% red area
2025-02-18 16:23:44 - Center: 0.00% red area
2025-02-18 16:23:44 - Right: 0.00% red area
2025-02-18 16:23:44 - Most red section: Left
2025-02-18 16:23:44 - Red area is below 0.05% in all sections. Returning None.
2025-02-18 16:23:45 - Image captured and saved to /home/cansat-stu/cansat/Camera/img_20250218-162345.jpg.
2025-02-18 16:23:45 - Threshold processed image saved to /home/cansat-stu/cansat/Camera/threshold_img_20250218-162345.jpg.
2025-02-18 16:23:45 - Left: 0.00% red area
2025-02-18 16:23:45 - Center: 0.00% red area
2025-02-18 16:23:45 - Right: 0.00% red area
2025-02-18 16:23:45 - Most red section: Left
2025-02-18 16:23:45 - Red area is below 0.05% in all sections. Returning None.
2025-02-18 16:23:47 - Image captured and saved to /home/cansat-stu/cansat/Camera/img_20250218-162347.jpg.
2025-02-18 16:23:47 - Threshold processed image saved to /home/cansat-stu/cansat/Camera/threshold_img_20250218-162347.jpg.
2025-02-18 16:23:47 - Left: 0.00% red area
2025-02-18 16:23:47 - Center: 0.00% red area
2025-02-18 16:23:47 - Right: 0.00% red area
2025-02-18 16:23:47 - Most red section: Left
2025-02-18 16:23:47 - Red area is below 0.05% in all sections. Returning None.
2025-02-18 16:23:48 - Image captured and saved to /home/cansat-stu/cansat/Camera/img_20250218-162348.jpg.
2025-02-18 16:23:48 - Threshold processed image saved to /home/cansat-stu/cansat/Camera/threshold_img_20250218-162348.jpg.
2025-02-18 16:23:48 - Left: 0.00% red area
2025-02-18 16:23:48 - Center: 0.00% red area
2025-02-18 16:23:48 - Right: 0.00% red area
2025-02-18 16:23:48 - Most red section: Left
2025-02-18 16:23:48 - Red area is below 0.05% in all sections. Returning None.
2025-02-18 16:23:49 - Image captured and saved to /home/cansat-stu/cansat/Camera/img_20250218-162349.jpg.
2025-02-18 16:23:49 - Threshold processed image saved to /home/cansat-stu/cansat/Camera/threshold_img_20250218-162349.jpg.
2025-02-18 16:23:49 - Left: 0.00% red area
2025-02-18 16:23:49 - Center: 0.00% red area
2025-02-18 16:23:49 - Right: 0.00% red area
2025-02-18 16:23:49 - Most red section: Left
2025-02-18 16:23:49 - Red area is below 0.05% in all sections. Returning None.
2025-02-18 16:23:51 - Image captured and saved to /home/cansat-stu/cansat/Camera/img_20250218-162351.jpg.
2025-02-18 16:23:51 - Threshold processed image saved to /home/cansat-stu/cansat/Camera/threshold_img_20250218-162351.jpg.
2025-02-18 16:23:51 - Left: 0.00% red area
2025-02-18 16:23:51 - Center: 0.00% red area
2025-02-18 16:23:51 - Right: 0.00% red area
2025-02-18 16:23:51 - Most red section: Left
2025-02-18 16:23:51 - Red area is below 0.05% in all sections. Returning None.
2025-02-18 16:23:52 - Image captured and saved to /home/cansat-stu/cansat/Camera/img_20250218-162352.jpg.
2025-02-18 16:23:52 - Threshold processed image saved to /home/cansat-stu/cansat/Camera/threshold_img_20250218-162352.jpg.
2025-02-18 16:23:52 - Left: 0.00% red area
2025-02-18 16:23:52 - Center: 0.00% red area
2025-02-18 16:23:52 - Right: 0.00% red area
2025-02-18 16:23:52 - Most red section: Left
2025-02-18 16:23:52 - Red area is below 0.05% in all sections. Returning None.
2025-02-18 16:23:53 - Image captured and saved to /home/cansat-stu/cansat/Camera/img_20250218-162353.jpg.
2025-02-18 16:23:53 - Threshold processed image saved to /home/cansat-stu/cansat/Camera/threshold_img_20250218-162353.jpg.
2025-02-18 16:23:53 - Left: 0.00% red area
2025-02-18 16:23:53 - Center: 0.00% red area
2025-02-18 16:23:53 - Right: 0.00% red area
2025-02-18 16:23:53 - Most red section: Left
2025-02-18 16:23:53 - Red area is below 0.05% in all sections. Returning None.
2025-02-18 16:23:55 - Image captured and saved to /home/cansat-stu/cansat/Camera/img_20250218-162355.jpg.
2025-02-18 16:23:55 - Threshold processed image saved to /home/cansat-stu/cansat/Camera/threshold_img_20250218-162355.jpg.
2025-02-18 16:23:55 - Left: 0.00% red area
2025-02-18 16:23:55 - Center: 6.24% red area
2025-02-18 16:23:55 - Right: 0.00% red area
2025-02-18 16:23:55 - Most red section: Center
2025-02-18 16:23:57 - Image captured and saved to /home/cansat-stu/cansat/Camera/img_20250218-162357.jpg.
2025-02-18 16:23:57 - Threshold processed image saved to /home/cansat-stu/cansat/Camera/threshold_img_20250218-162357.jpg.
2025-02-18 16:23:57 - Left: 0.24% red area
2025-02-18 16:23:57 - Center: 7.39% red area
2025-02-18 16:23:57 - Right: 0.00% red area
2025-02-18 16:23:57 - Most red section: Center
2025-02-18 16:23:59 - Image captured and saved to /home/cansat-stu/cansat/Camera/img_20250218-162359.jpg.
2025-02-18 16:23:59 - Threshold processed image saved to /home/cansat-stu/cansat/Camera/threshold_img_20250218-162359.jpg.
2025-02-18 16:23:59 - Left: 0.00% red area
2025-02-18 16:23:59 - Center: 0.00% red area
2025-02-18 16:23:59 - Right: 0.00% red area
2025-02-18 16:23:59 - Most red section: Left
2025-02-18 16:23:59 - Red area is below 0.05% in all sections. Returning None.
2025-02-18 16:24:01 - Image captured and saved to /home/cansat-stu/cansat/Camera/img_20250218-162401.jpg.
2025-02-18 16:24:01 - Threshold processed image saved to /home/cansat-stu/cansat/Camera/threshold_img_20250218-162401.jpg.
2025-02-18 16:24:01 - Left: 0.00% red area
2025-02-18 16:24:01 - Center: 0.00% red area
2025-02-18 16:24:01 - Right: 0.06% red area
2025-02-18 16:24:01 - Most red section: Right
2025-02-18 16:24:02 - Image captured and saved to /home/cansat-stu/cansat/Camera/img_20250218-162402.jpg.
2025-02-18 16:24:02 - Threshold processed image saved to /home/cansat-stu/cansat/Camera/threshold_img_20250218-162402.jpg.
2025-02-18 16:24:02 - Left: 0.00% red area
2025-02-18 16:24:02 - Center: 0.00% red area
2025-02-18 16:24:02 - Right: 0.00% red area
2025-02-18 16:24:02 - Most red section: Left
2025-02-18 16:24:02 - Red area is below 0.05% in all sections. Returning None.
2025-02-18 16:24:03 - Image captured and saved to /home/cansat-stu/cansat/Camera/img_20250218-162403.jpg.
2025-02-18 16:24:03 - Threshold processed image saved to /home/cansat-stu/cansat/Camera/threshold_img_20250218-162403.jpg.
2025-02-18 16:24:03 - Left: 0.00% red area
2025-02-18 16:24:03 - Center: 0.00% red area
2025-02-18 16:24:03 - Right: 0.00% red area
2025-02-18 16:24:03 - Most red section: Left
2025-02-18 16:24:03 - Red area is below 0.05% in all sections. Returning None.
2025-02-18 16:24:05 - Image captured and saved to /home/cansat-stu/cansat/Camera/img_20250218-162405.jpg.
2025-02-18 16:24:05 - Threshold processed image saved to /home/cansat-stu/cansat/Camera/threshold_img_20250218-162405.jpg.
2025-02-18 16:24:05 - Left: 0.00% red area
2025-02-18 16:24:05 - Center: 0.00% red area
2025-02-18 16:24:05 - Right: 0.00% red area
2025-02-18 16:24:05 - Most red section: Left
2025-02-18 16:24:05 - Red area is below 0.05% in all sections. Returning None.
2025-02-18 16:24:06 - Image captured and saved to /home/cansat-stu/cansat/Camera/img_20250218-162406.jpg.
2025-02-18 16:24:06 - Threshold processed image saved to /home/cansat-stu/cansat/Camera/threshold_img_20250218-162406.jpg.
2025-02-18 16:24:06 - Left: 0.00% red area
2025-02-18 16:24:06 - Center: 0.00% red area
2025-02-18 16:24:06 - Right: 0.00% red area
2025-02-18 16:24:06 - Most red section: Left
2025-02-18 16:24:06 - Red area is below 0.05% in all sections. Returning None.
2025-02-18 16:24:07 - Image captured and saved to /home/cansat-stu/cansat/Camera/img_20250218-162407.jpg.
2025-02-18 16:24:07 - Threshold processed image saved to /home/cansat-stu/cansat/Camera/threshold_img_20250218-162407.jpg.
2025-02-18 16:24:07 - Left: 0.00% red area
2025-02-18 16:24:07 - Center: 0.00% red area
2025-02-18 16:24:07 - Right: 0.00% red area
2025-02-18 16:24:07 - Most red section: Left
2025-02-18 16:24:07 - Red area is below 0.05% in all sections. Returning None.
2025-02-18 16:24:09 - Image captured and saved to /home/cansat-stu/cansat/Camera/img_20250218-162409.jpg.
2025-02-18 16:24:09 - Threshold processed image saved to /home/cansat-stu/cansat/Camera/threshold_img_20250218-162409.jpg.
2025-02-18 16:24:09 - Left: 2.24% red area
2025-02-18 16:24:09 - Center: 0.33% red area
2025-02-18 16:24:09 - Right: 0.00% red area
2025-02-18 16:24:09 - Most red section: Left
2025-02-18 16:24:10 - Image captured and saved to /home/cansat-stu/cansat/Camera/img_20250218-162410.jpg.
2025-02-18 16:24:10 - Threshold processed image saved to /home/cansat-stu/cansat/Camera/threshold_img_20250218-162410.jpg.
2025-02-18 16:24:10 - Left: 8.64% red area
2025-02-18 16:24:10 - Center: 6.73% red area
2025-02-18 16:24:10 - Right: 0.00% red area
2025-02-18 16:24:10 - Most red section: Left
2025-02-18 16:24:11 - Image captured and saved to /home/cansat-stu/cansat/Camera/img_20250218-162411.jpg.
2025-02-18 16:24:11 - Threshold processed image saved to /home/cansat-stu/cansat/Camera/threshold_img_20250218-162411.jpg.
2025-02-18 16:24:11 - Left: 13.82% red area
2025-02-18 16:24:11 - Center: 15.15% red area
2025-02-18 16:24:11 - Right: 0.00% red area
2025-02-18 16:24:11 - Most red section: Center
2025-02-18 16:24:14 - Image captured and saved to /home/cansat-stu/cansat/Camera/img_20250218-162414.jpg.
2025-02-18 16:24:14 - Threshold processed image saved to /home/cansat-stu/cansat/Camera/threshold_img_20250218-162414.jpg.
2025-02-18 16:24:14 - Left: 1.64% red area
2025-02-18 16:24:14 - Center: 0.00% red area
2025-02-18 16:24:14 - Right: 0.00% red area
2025-02-18 16:24:14 - Most red section: Left
2025-02-18 16:24:15 - Image captured and saved to /home/cansat-stu/cansat/Camera/img_20250218-162415.jpg.
2025-02-18 16:24:15 - Threshold processed image saved to /home/cansat-stu/cansat/Camera/threshold_img_20250218-162415.jpg.
2025-02-18 16:24:15 - Left: 0.00% red area
2025-02-18 16:24:15 - Center: 0.00% red area
2025-02-18 16:24:15 - Right: 0.00% red area
2025-02-18 16:24:15 - Most red section: Left
2025-02-18 16:24:15 - Red area is below 0.05% in all sections. Returning None.
2025-02-18 16:24:16 - Image captured and saved to /home/cansat-stu/cansat/Camera/img_20250218-162416.jpg.
2025-02-18 16:24:16 - Threshold processed image saved to /home/cansat-stu/cansat/Camera/threshold_img_20250218-162416.jpg.
2025-02-18 16:24:16 - Left: 0.00% red area
2025-02-18 16:24:16 - Center: 0.00% red area
2025-02-18 16:24:16 - Right: 0.00% red area
2025-02-18 16:24:16 - Most red section: Left
2025-02-18 16:24:16 - Red area is below 0.05% in all sections. Returning None.
2025-02-18 16:24:18 - Image captured and saved to /home/cansat-stu/cansat/Camera/img_20250218-162418.jpg.
2025-02-18 16:24:18 - Threshold processed image saved to /home/cansat-stu/cansat/Camera/threshold_img_20250218-162418.jpg.
2025-02-18 16:24:18 - Left: 0.00% red area
2025-02-18 16:24:18 - Center: 0.00% red area
2025-02-18 16:24:18 - Right: 0.00% red area
2025-02-18 16:24:18 - Most red section: Left
2025-02-18 16:24:18 - Red area is below 0.05% in all sections. Returning None.
2025-02-18 17:14:07 - Image captured and saved to /home/cansat-stu/cansat/Camera/img_20250218-171405.jpg.
2025-02-18 17:14:07 - Threshold processed image saved to /home/cansat-stu/cansat/Camera/threshold_img_20250218-171405.jpg.
2025-02-18 17:14:07 - Left: 0.00% red area
2025-02-18 17:14:07 - Center: 0.00% red area
2025-02-18 17:14:07 - Right: 0.00% red area
2025-02-18 17:14:07 - Most red section: Left
2025-02-18 17:14:07 - Red area is below 0.05% in all sections. Returning None.
2025-02-18 17:14:07 - The area with the most red is: None
2025-02-18 17:14:07 - Camera stopped.
2025-02-18 17:15:37 - Image captured and saved to /home/cansat-stu/cansat/Camera/img_20250218-171532.jpg.
2025-02-18 17:15:44 - Threshold processed image saved to /home/cansat-stu/cansat/Camera/threshold_img_20250218-171532.jpg.
2025-02-18 17:15:45 - Left: 0.00% red area
2025-02-18 17:15:45 - Center: 0.00% red area
2025-02-18 17:15:45 - Right: 0.06% red area
2025-02-18 17:15:45 - Most red section: Right
2025-02-18 17:15:45 - The area with the most red is: Right
2025-02-18 17:15:45 - Camera stopped.
2025-02-18 17:16:36 - Image captured and saved to /home/cansat-stu/cansat/Camera/img_20250218-171633.jpg.
2025-02-18 17:16:46 - Threshold processed image saved to /home/cansat-stu/cansat/Camera/threshold_img_20250218-171633.jpg.
2025-02-18 17:16:47 - Left: 0.00% red area
2025-02-18 17:16:47 - Center: 0.00% red area
2025-02-18 17:16:47 - Right: 0.09% red area
2025-02-18 17:16:47 - Most red section: Right
2025-02-18 17:17:10 - Image captured and saved to /home/cansat-stu/cansat/Camera/img_20250218-171655.jpg.
2025-02-18 17:17:22 - Threshold processed image saved to /home/cansat-stu/cansat/Camera/threshold_img_20250218-171655.jpg.
2025-02-18 17:17:39 - Left: 0.00% red area
2025-02-18 17:17:41 - Center: 0.00% red area
2025-02-18 17:17:41 - Right: 0.00% red area
2025-02-18 17:17:41 - Most red section: Left
2025-02-18 17:17:41 - Red area is below 0.05% in all sections. Returning None.
2025-02-18 17:21:44 - Image captured and saved to /home/cansat-stu/cansat/Camera/img_20250218-172144.jpg.
2025-02-18 17:21:44 - Threshold processed image saved to /home/cansat-stu/cansat/Camera/threshold_img_20250218-172144.jpg.
2025-02-18 17:21:44 - Left: 0.00% red area
2025-02-18 17:21:44 - Center: 0.00% red area
2025-02-18 17:21:44 - Right: 0.00% red area
2025-02-18 17:21:44 - Most red section: Left
2025-02-18 17:21:44 - Red area is below 0.05% in all sections. Returning None.
2025-02-18 17:21:44 - The area with the most red is: None
2025-02-18 17:21:45 - Camera stopped.
2025-02-18 17:23:25 - Image captured and saved to /home/cansat-stu/cansat/Camera/img_20250218-172324.jpg.
2025-02-18 17:23:25 - Threshold processed image saved to /home/cansat-stu/cansat/Camera/threshold_img_20250218-172324.jpg.
2025-02-18 17:23:25 - Left: 0.00% red area
2025-02-18 17:23:25 - Center: 0.03% red area
2025-02-18 17:23:25 - Right: 0.00% red area
2025-02-18 17:23:25 - Most red section: Center
2025-02-18 17:23:25 - Red area is below 0.05% in all sections. Returning None.
2025-02-18 17:23:25 - The area with the most red is: None
2025-02-18 17:23:25 - Camera stopped.
2025-02-18 17:24:29 - Image captured and saved to /home/cansat-stu/cansat/Camera/img_20250218-172426.jpg.
2025-02-18 17:24:30 - Threshold processed image saved to /home/cansat-stu/cansat/Camera/threshold_img_20250218-172426.jpg.
2025-02-18 17:24:30 - Left: 0.03% red area
2025-02-18 17:24:30 - Center: 0.03% red area
2025-02-18 17:24:30 - Right: 0.00% red area
2025-02-18 17:24:30 - Most red section: Left
2025-02-18 17:24:30 - Red area is below 0.05% in all sections. Returning None.
2025-02-18 17:24:30 - The area with the most red is: None
2025-02-18 17:24:30 - Camera stopped.
2025-02-18 17:32:06 - Image captured and saved to /home/cansat-stu/cansat/Camera/img_20250218-173204.jpg.
2025-02-18 17:32:07 - Threshold processed image saved to /home/cansat-stu/cansat/Camera/threshold_img_20250218-173204.jpg.
2025-02-18 17:32:07 - Left: 0.00% red area
2025-02-18 17:32:07 - Center: 0.03% red area
2025-02-18 17:32:07 - Right: 2.39% red area
2025-02-18 17:32:07 - Most red section: Right
2025-02-18 17:32:07 - The area with the most red is: Right
2025-02-18 17:32:07 - Camera stopped.
2025-02-18 17:33:14 - Image captured and saved to /home/cansat-stu/cansat/Camera/img_20250218-173313.jpg.
2025-02-18 17:33:14 - Threshold processed image saved to /home/cansat-stu/cansat/Camera/threshold_img_20250218-173313.jpg.
2025-02-18 17:33:14 - Left: 0.00% red area
2025-02-18 17:33:14 - Center: 0.00% red area
2025-02-18 17:33:14 - Right: 4.73% red area
2025-02-18 17:33:14 - Most red section: Right
2025-02-18 17:33:19 - Image captured and saved to /home/cansat-stu/cansat/Camera/img_20250218-173316.jpg.
2025-02-18 17:33:19 - Threshold processed image saved to /home/cansat-stu/cansat/Camera/threshold_img_20250218-173316.jpg.
2025-02-18 17:33:19 - Left: 1.24% red area
2025-02-18 17:33:19 - Center: 1.12% red area
2025-02-18 17:33:19 - Right: 0.00% red area
2025-02-18 17:33:19 - Most red section: Left
2025-02-18 17:33:22 - Image captured and saved to /home/cansat-stu/cansat/Camera/img_20250218-173321.jpg.
2025-02-18 17:33:30 - Threshold processed image saved to /home/cansat-stu/cansat/Camera/threshold_img_20250218-173321.jpg.
2025-02-18 17:33:31 - Left: 0.00% red area
2025-02-18 17:33:31 - Center: 0.00% red area
2025-02-18 17:33:31 - Right: 0.00% red area
2025-02-18 17:33:31 - Most red section: Left
2025-02-18 17:33:31 - Red area is below 0.05% in all sections. Returning None.
2025-02-18 17:33:37 - Image captured and saved to /home/cansat-stu/cansat/Camera/img_20250218-173334.jpg.
2025-02-18 17:33:37 - Threshold processed image saved to /home/cansat-stu/cansat/Camera/threshold_img_20250218-173334.jpg.
2025-02-18 17:33:37 - Left: 0.03% red area
2025-02-18 17:33:37 - Center: 0.85% red area
2025-02-18 17:33:37 - Right: 2.70% red area
2025-02-18 17:33:37 - Most red section: Right
2025-02-18 17:33:43 - Image captured and saved to /home/cansat-stu/cansat/Camera/img_20250218-173339.jpg.
2025-02-18 17:33:45 - Threshold processed image saved to /home/cansat-stu/cansat/Camera/threshold_img_20250218-173339.jpg.
2025-02-18 17:33:48 - Left: 0.00% red area
2025-02-18 17:33:51 - Center: 8.24% red area
2025-02-18 17:33:53 - Right: 0.12% red area
2025-02-18 17:33:53 - Most red section: Center
2025-02-18 17:34:08 - Image captured and saved to /home/cansat-stu/cansat/Camera/img_20250218-173358.jpg.
2025-02-18 17:34:10 - Threshold processed image saved to /home/cansat-stu/cansat/Camera/threshold_img_20250218-173358.jpg.
2025-02-18 17:34:10 - Left: 0.21% red area
2025-02-18 17:34:10 - Center: 0.09% red area
2025-02-18 17:34:10 - Right: 60.85% red area
2025-02-18 17:34:10 - Most red section: Right
2025-02-18 17:34:15 - Image captured and saved to /home/cansat-stu/cansat/Camera/img_20250218-173413.jpg.
2025-02-18 17:34:15 - Threshold processed image saved to /home/cansat-stu/cansat/Camera/threshold_img_20250218-173413.jpg.
2025-02-18 17:34:15 - Left: 0.00% red area
2025-02-18 17:34:15 - Center: 0.00% red area
2025-02-18 17:34:15 - Right: 0.00% red area
2025-02-18 17:34:15 - Most red section: Left
2025-02-18 17:34:15 - Red area is below 0.05% in all sections. Returning None.
2025-02-18 17:34:49 - Image captured and saved to /home/cansat-stu/cansat/Camera/img_20250218-173419.jpg.
2025-02-18 17:35:32 - Image captured and saved to /home/cansat-stu/cansat/Camera/img_20250218-173532.jpg.
2025-02-18 17:35:32 - Threshold processed image saved to /home/cansat-stu/cansat/Camera/threshold_img_20250218-173532.jpg.
2025-02-18 17:35:32 - Left: 0.00% red area
2025-02-18 17:35:32 - Center: 0.00% red area
2025-02-18 17:35:32 - Right: 0.00% red area
2025-02-18 17:35:32 - Most red section: Left
2025-02-18 17:35:32 - Red area is below 0.05% in all sections. Returning None.
2025-02-18 17:35:34 - Image captured and saved to /home/cansat-stu/cansat/Camera/img_20250218-173534.jpg.
2025-02-18 17:35:34 - Threshold processed image saved to /home/cansat-stu/cansat/Camera/threshold_img_20250218-173534.jpg.
2025-02-18 17:35:34 - Left: 0.00% red area
2025-02-18 17:35:34 - Center: 0.00% red area
2025-02-18 17:35:34 - Right: 0.00% red area
2025-02-18 17:35:34 - Most red section: Left
2025-02-18 17:35:34 - Red area is below 0.05% in all sections. Returning None.
2025-02-18 17:35:35 - Image captured and saved to /home/cansat-stu/cansat/Camera/img_20250218-173535.jpg.
2025-02-18 17:35:35 - Threshold processed image saved to /home/cansat-stu/cansat/Camera/threshold_img_20250218-173535.jpg.
2025-02-18 17:35:35 - Left: 0.00% red area
2025-02-18 17:35:35 - Center: 0.00% red area
2025-02-18 17:35:35 - Right: 0.00% red area
2025-02-18 17:35:35 - Most red section: Left
2025-02-18 17:35:35 - Red area is below 0.05% in all sections. Returning None.
2025-02-18 17:35:37 - Image captured and saved to /home/cansat-stu/cansat/Camera/img_20250218-173537.jpg.
2025-02-18 17:35:37 - Threshold processed image saved to /home/cansat-stu/cansat/Camera/threshold_img_20250218-173537.jpg.
2025-02-18 17:35:37 - Left: 0.00% red area
2025-02-18 17:35:37 - Center: 0.00% red area
2025-02-18 17:35:37 - Right: 0.00% red area
2025-02-18 17:35:37 - Most red section: Left
2025-02-18 17:35:37 - Red area is below 0.05% in all sections. Returning None.
2025-02-18 17:35:38 - Image captured and saved to /home/cansat-stu/cansat/Camera/img_20250218-173538.jpg.
2025-02-18 17:35:38 - Threshold processed image saved to /home/cansat-stu/cansat/Camera/threshold_img_20250218-173538.jpg.
2025-02-18 17:35:38 - Left: 0.00% red area
2025-02-18 17:35:38 - Center: 0.00% red area
2025-02-18 17:35:38 - Right: 0.00% red area
2025-02-18 17:35:38 - Most red section: Left
2025-02-18 17:35:38 - Red area is below 0.05% in all sections. Returning None.
2025-02-18 17:35:39 - Image captured and saved to /home/cansat-stu/cansat/Camera/img_20250218-173539.jpg.
2025-02-18 17:35:39 - Threshold processed image saved to /home/cansat-stu/cansat/Camera/threshold_img_20250218-173539.jpg.
2025-02-18 17:35:39 - Left: 0.00% red area
2025-02-18 17:35:39 - Center: 0.00% red area
2025-02-18 17:35:39 - Right: 0.00% red area
2025-02-18 17:35:39 - Most red section: Left
2025-02-18 17:35:39 - Red area is below 0.05% in all sections. Returning None.
2025-02-18 17:35:41 - Image captured and saved to /home/cansat-stu/cansat/Camera/img_20250218-173541.jpg.
2025-02-18 17:35:41 - Threshold processed image saved to /home/cansat-stu/cansat/Camera/threshold_img_20250218-173541.jpg.
2025-02-18 17:35:41 - Left: 0.00% red area
2025-02-18 17:35:41 - Center: 0.00% red area
2025-02-18 17:35:41 - Right: 0.00% red area
2025-02-18 17:35:41 - Most red section: Left
2025-02-18 17:35:41 - Red area is below 0.05% in all sections. Returning None.
2025-02-18 17:35:42 - Image captured and saved to /home/cansat-stu/cansat/Camera/img_20250218-173542.jpg.
2025-02-18 17:35:42 - Threshold processed image saved to /home/cansat-stu/cansat/Camera/threshold_img_20250218-173542.jpg.
2025-02-18 17:35:42 - Left: 0.00% red area
2025-02-18 17:35:42 - Center: 0.00% red area
2025-02-18 17:35:42 - Right: 0.00% red area
2025-02-18 17:35:42 - Most red section: Left
2025-02-18 17:35:42 - Red area is below 0.05% in all sections. Returning None.
2025-02-18 17:35:43 - Image captured and saved to /home/cansat-stu/cansat/Camera/img_20250218-173543.jpg.
2025-02-18 17:35:43 - Threshold processed image saved to /home/cansat-stu/cansat/Camera/threshold_img_20250218-173543.jpg.
2025-02-18 17:35:43 - Left: 0.00% red area
2025-02-18 17:35:43 - Center: 0.00% red area
2025-02-18 17:35:43 - Right: 0.00% red area
2025-02-18 17:35:43 - Most red section: Left
2025-02-18 17:35:43 - Red area is below 0.05% in all sections. Returning None.
2025-02-18 17:35:45 - Image captured and saved to /home/cansat-stu/cansat/Camera/img_20250218-173545.jpg.
2025-02-18 17:35:45 - Threshold processed image saved to /home/cansat-stu/cansat/Camera/threshold_img_20250218-173545.jpg.
2025-02-18 17:35:45 - Left: 0.00% red area
2025-02-18 17:35:45 - Center: 0.00% red area
2025-02-18 17:35:45 - Right: 0.00% red area
2025-02-18 17:35:45 - Most red section: Left
2025-02-18 17:35:45 - Red area is below 0.05% in all sections. Returning None.
2025-02-18 17:35:46 - Image captured and saved to /home/cansat-stu/cansat/Camera/img_20250218-173546.jpg.
2025-02-18 17:35:46 - Threshold processed image saved to /home/cansat-stu/cansat/Camera/threshold_img_20250218-173546.jpg.
2025-02-18 17:35:46 - Left: 0.00% red area
2025-02-18 17:35:46 - Center: 0.00% red area
2025-02-18 17:35:46 - Right: 0.00% red area
2025-02-18 17:35:46 - Most red section: Left
2025-02-18 17:35:46 - Red area is below 0.05% in all sections. Returning None.
2025-02-18 17:35:48 - Image captured and saved to /home/cansat-stu/cansat/Camera/img_20250218-173548.jpg.
2025-02-18 17:35:48 - Threshold processed image saved to /home/cansat-stu/cansat/Camera/threshold_img_20250218-173548.jpg.
2025-02-18 17:35:48 - Left: 0.00% red area
2025-02-18 17:35:48 - Center: 0.00% red area
2025-02-18 17:35:48 - Right: 0.00% red area
2025-02-18 17:35:48 - Most red section: Left
2025-02-18 17:35:48 - Red area is below 0.05% in all sections. Returning None.
2025-02-18 17:39:00 - Image captured and saved to /home/cansat-stu/cansat/Camera/img_20250218-173856.jpg.
2025-02-18 17:39:02 - Threshold processed image saved to /home/cansat-stu/cansat/Camera/threshold_img_20250218-173856.jpg.
2025-02-18 17:39:02 - Left: 0.00% red area
2025-02-18 17:39:02 - Center: 0.00% red area
2025-02-18 17:39:02 - Right: 0.00% red area
2025-02-18 17:39:02 - Most red section: Left
2025-02-18 17:39:02 - Red area is below 0.05% in all sections. Returning None.
2025-02-18 17:39:10 - Image captured and saved to /home/cansat-stu/cansat/Camera/img_20250218-173905.jpg.
2025-02-18 17:39:13 - Threshold processed image saved to /home/cansat-stu/cansat/Camera/threshold_img_20250218-173905.jpg.
2025-02-18 17:39:13 - Left: 0.73% red area
2025-02-18 17:39:13 - Center: 0.03% red area
2025-02-18 17:39:13 - Right: 0.00% red area
2025-02-18 17:39:13 - Most red section: Left
2025-02-18 17:39:17 - Image captured and saved to /home/cansat-stu/cansat/Camera/img_20250218-173915.jpg.
2025-02-18 17:39:17 - Threshold processed image saved to /home/cansat-stu/cansat/Camera/threshold_img_20250218-173915.jpg.
2025-02-18 17:39:17 - Left: 0.18% red area
2025-02-18 17:39:17 - Center: 0.42% red area
2025-02-18 17:39:17 - Right: 0.09% red area
2025-02-18 17:39:17 - Most red section: Center
2025-02-18 17:39:23 - Image captured and saved to /home/cansat-stu/cansat/Camera/img_20250218-173921.jpg.
2025-02-18 17:39:23 - Threshold processed image saved to /home/cansat-stu/cansat/Camera/threshold_img_20250218-173921.jpg.
2025-02-18 17:39:23 - Left: 3.91% red area
2025-02-18 17:39:23 - Center: 0.09% red area
2025-02-18 17:39:23 - Right: 0.00% red area
2025-02-18 17:39:23 - Most red section: Left
2025-02-18 17:39:30 - Image captured and saved to /home/cansat-stu/cansat/Camera/img_20250218-173925.jpg.
2025-02-18 17:39:38 - Threshold processed image saved to /home/cansat-stu/cansat/Camera/threshold_img_20250218-173925.jpg.
2025-02-18 17:39:38 - Left: 51.36% red area
2025-02-18 17:39:38 - Center: 38.33% red area
2025-02-18 17:39:38 - Right: 0.00% red area
2025-02-18 17:39:38 - Most red section: Left
2025-02-18 17:39:53 - Image captured and saved to /home/cansat-stu/cansat/Camera/img_20250218-173941.jpg.
2025-02-18 17:40:01 - Threshold processed image saved to /home/cansat-stu/cansat/Camera/threshold_img_20250218-173941.jpg.
2025-02-18 17:40:06 - Left: 0.00% red area
2025-02-18 17:40:09 - Center: 4.76% red area
2025-02-18 17:40:11 - Right: 62.64% red area
2025-02-18 17:40:12 - Most red section: Right
2025-02-18 17:41:44 - Image captured and saved to /home/cansat-stu/cansat/Camera/img_20250218-174143.jpg.
2025-02-18 17:41:44 - Threshold processed image saved to /home/cansat-stu/cansat/Camera/threshold_img_20250218-174143.jpg.
2025-02-18 17:41:45 - Left: 0.06% red area
2025-02-18 17:41:45 - Center: 0.30% red area
2025-02-18 17:41:45 - Right: 0.09% red area
2025-02-18 17:41:45 - Most red section: Center
2025-02-18 17:41:52 - Image captured and saved to /home/cansat-stu/cansat/Camera/img_20250218-174151.jpg.
2025-02-18 17:41:52 - Threshold processed image saved to /home/cansat-stu/cansat/Camera/threshold_img_20250218-174151.jpg.
2025-02-18 17:41:52 - Left: 19.39% red area
2025-02-18 17:41:52 - Center: 24.55% red area
2025-02-18 17:41:52 - Right: 0.00% red area
2025-02-18 17:41:52 - Most red section: Center
2025-02-18 17:42:05 - Image captured and saved to /home/cansat-stu/cansat/Camera/img_20250218-174155.jpg.
2025-02-18 17:42:07 - Threshold processed image saved to /home/cansat-stu/cansat/Camera/threshold_img_20250218-174155.jpg.
2025-02-18 17:42:07 - Left: 92.94% red area
2025-02-18 17:42:07 - Center: 37.27% red area
2025-02-18 17:42:07 - Right: 0.00% red area
2025-02-18 17:42:07 - Most red section: Left
2025-02-18 17:42:11 - Image captured and saved to /home/cansat-stu/cansat/Camera/img_20250218-174209.jpg.
2025-02-18 17:42:11 - Threshold processed image saved to /home/cansat-stu/cansat/Camera/threshold_img_20250218-174209.jpg.
2025-02-18 17:42:11 - Left: 28.24% red area
2025-02-18 17:42:11 - Center: 98.18% red area
2025-02-18 17:42:11 - Right: 59.76% red area
2025-02-18 17:42:11 - Most red section: Center
2025-02-18 17:42:19 - Image captured and saved to /home/cansat-stu/cansat/Camera/img_20250218-174217.jpg.
2025-02-18 17:42:20 - Threshold processed image saved to /home/cansat-stu/cansat/Camera/threshold_img_20250218-174217.jpg.
2025-02-18 17:42:20 - Left: 85.70% red area
2025-02-18 17:42:20 - Center: 23.03% red area
2025-02-18 17:42:20 - Right: 0.00% red area
2025-02-18 17:42:20 - Most red section: Left
2025-02-18 17:42:28 - Image captured and saved to /home/cansat-stu/cansat/Camera/img_20250218-174222.jpg.
2025-02-18 17:42:35 - Threshold processed image saved to /home/cansat-stu/cansat/Camera/threshold_img_20250218-174222.jpg.
2025-02-18 17:42:36 - Left: 0.39% red area
2025-02-18 17:42:37 - Center: 2.18% red area
2025-02-18 17:42:37 - Right: 0.00% red area
2025-02-18 17:42:37 - Most red section: Center
2025-02-18 17:42:50 - Image captured and saved to /home/cansat-stu/cansat/Camera/img_20250218-174244.jpg.
2025-02-18 17:43:00 - Threshold processed image saved to /home/cansat-stu/cansat/Camera/threshold_img_20250218-174244.jpg.
2025-02-18 17:43:00 - Left: 0.09% red area
2025-02-18 17:43:00 - Center: 0.00% red area
2025-02-18 17:43:00 - Right: 0.00% red area
2025-02-18 17:43:00 - Most red section: Left
2025-02-18 17:43:14 - Image captured and saved to /home/cansat-stu/cansat/Camera/img_20250218-174302.jpg.
2025-02-18 17:44:35 - Image captured and saved to /home/cansat-stu/cansat/Camera/img_20250218-174432.jpg.
2025-02-18 17:44:39 - Threshold processed image saved to /home/cansat-stu/cansat/Camera/threshold_img_20250218-174432.jpg.
2025-02-18 17:44:44 - Left: 0.00% red area
2025-02-18 17:44:44 - Center: 0.00% red area
2025-02-18 17:44:44 - Right: 0.00% red area
2025-02-18 17:44:44 - Most red section: Left
2025-02-18 17:44:44 - Red area is below 0.05% in all sections. Returning None.
2025-02-18 17:44:49 - Image captured and saved to /home/cansat-stu/cansat/Camera/img_20250218-174446.jpg.
2025-02-18 17:44:49 - Threshold processed image saved to /home/cansat-stu/cansat/Camera/threshold_img_20250218-174446.jpg.
2025-02-18 17:44:49 - Left: 2.30% red area
2025-02-18 17:44:49 - Center: 0.21% red area
2025-02-18 17:44:49 - Right: 0.33% red area
2025-02-18 17:44:49 - Most red section: Left
2025-02-18 17:44:56 - Image captured and saved to /home/cansat-stu/cansat/Camera/img_20250218-174451.jpg.
2025-02-18 17:45:07 - Threshold processed image saved to /home/cansat-stu/cansat/Camera/threshold_img_20250218-174451.jpg.
2025-02-18 17:45:13 - Left: 0.00% red area
2025-02-18 17:45:14 - Center: 0.00% red area
2025-02-18 17:45:14 - Right: 0.00% red area
2025-02-18 17:45:14 - Most red section: Left
2025-02-18 17:45:14 - Red area is below 0.05% in all sections. Returning None.
2025-02-18 17:45:17 - Image captured and saved to /home/cansat-stu/cansat/Camera/img_20250218-174516.jpg.
2025-02-18 17:45:17 - Threshold processed image saved to /home/cansat-stu/cansat/Camera/threshold_img_20250218-174516.jpg.
2025-02-18 17:45:17 - Left: 0.00% red area
2025-02-18 17:45:17 - Center: 0.06% red area
2025-02-18 17:45:17 - Right: 0.00% red area
2025-02-18 17:45:17 - Most red section: Center
2025-02-18 17:45:20 - Image captured and saved to /home/cansat-stu/cansat/Camera/img_20250218-174520.jpg.
2025-02-18 17:45:21 - Threshold processed image saved to /home/cansat-stu/cansat/Camera/threshold_img_20250218-174520.jpg.
2025-02-18 17:45:21 - Left: 0.03% red area
2025-02-18 17:45:21 - Center: 0.00% red area
2025-02-18 17:45:21 - Right: 0.00% red area
2025-02-18 17:45:21 - Most red section: Left
2025-02-18 17:45:21 - Red area is below 0.05% in all sections. Returning None.
2025-02-18 17:45:25 - Image captured and saved to /home/cansat-stu/cansat/Camera/img_20250218-174523.jpg.
2025-02-18 17:45:25 - Threshold processed image saved to /home/cansat-stu/cansat/Camera/threshold_img_20250218-174523.jpg.
2025-02-18 17:45:26 - Left: 0.00% red area
2025-02-18 17:45:28 - Center: 0.12% red area
2025-02-18 17:45:28 - Right: 0.03% red area
2025-02-18 17:45:28 - Most red section: Center
2025-02-18 17:45:34 - Image captured and saved to /home/cansat-stu/cansat/Camera/img_20250218-174533.jpg.
2025-02-18 17:45:34 - Threshold processed image saved to /home/cansat-stu/cansat/Camera/threshold_img_20250218-174533.jpg.
2025-02-18 17:45:34 - Left: 0.00% red area
2025-02-18 17:45:34 - Center: 0.00% red area
2025-02-18 17:45:34 - Right: 0.00% red area
2025-02-18 17:45:34 - Most red section: Left
2025-02-18 17:45:34 - Red area is below 0.05% in all sections. Returning None.
2025-02-18 17:45:42 - Image captured and saved to /home/cansat-stu/cansat/Camera/img_20250218-174536.jpg.
2025-02-18 17:45:45 - Threshold processed image saved to /home/cansat-stu/cansat/Camera/threshold_img_20250218-174536.jpg.
2025-02-18 17:45:48 - Left: 0.00% red area
2025-02-18 17:45:48 - Center: 0.00% red area
2025-02-18 17:45:48 - Right: 0.00% red area
2025-02-18 17:45:48 - Most red section: Left
2025-02-18 17:45:48 - Red area is below 0.05% in all sections. Returning None.
2025-02-18 17:46:03 - Image captured and saved to /home/cansat-stu/cansat/Camera/img_20250218-174551.jpg.
2025-02-18 17:46:06 - Threshold processed image saved to /home/cansat-stu/cansat/Camera/threshold_img_20250218-174551.jpg.
2025-02-18 17:46:08 - Left: 0.00% red area
2025-02-18 17:46:08 - Center: 0.00% red area
2025-02-18 17:46:08 - Right: 0.00% red area
2025-02-18 17:46:08 - Most red section: Left
2025-02-18 17:46:08 - Red area is below 0.05% in all sections. Returning None.
2025-02-18 17:46:19 - Image captured and saved to /home/cansat-stu/cansat/Camera/img_20250218-174611.jpg.
2025-02-18 17:46:26 - Threshold processed image saved to /home/cansat-stu/cansat/Camera/threshold_img_20250218-174611.jpg.
2025-02-18 17:46:28 - Left: 0.00% red area
2025-02-18 17:46:28 - Center: 0.00% red area
2025-02-18 17:46:28 - Right: 0.00% red area
2025-02-18 17:46:28 - Most red section: Left
2025-02-18 17:46:28 - Red area is below 0.05% in all sections. Returning None.
2025-02-18 17:46:35 - Image captured and saved to /home/cansat-stu/cansat/Camera/img_20250218-174630.jpg.
2025-02-18 17:46:56 - Threshold processed image saved to /home/cansat-stu/cansat/Camera/threshold_img_20250218-174630.jpg.
2025-02-18 17:47:30 - Image captured and saved to /home/cansat-stu/cansat/Camera/img_20250218-174727.jpg.
2025-02-18 17:47:32 - Threshold processed image saved to /home/cansat-stu/cansat/Camera/threshold_img_20250218-174727.jpg.
2025-02-18 17:47:36 - Left: 0.00% red area
2025-02-18 17:47:36 - Center: 0.00% red area
2025-02-18 17:47:36 - Right: 0.00% red area
2025-02-18 17:47:36 - Most red section: Left
2025-02-18 17:47:36 - Red area is below 0.05% in all sections. Returning None.
2025-02-18 17:47:46 - Image captured and saved to /home/cansat-stu/cansat/Camera/img_20250218-174739.jpg.
2025-02-18 17:47:49 - Threshold processed image saved to /home/cansat-stu/cansat/Camera/threshold_img_20250218-174739.jpg.
2025-02-18 17:47:49 - Left: 0.03% red area
2025-02-18 17:47:49 - Center: 0.30% red area
2025-02-18 17:47:49 - Right: 0.00% red area
2025-02-18 17:47:49 - Most red section: Center
2025-02-18 17:47:57 - Image captured and saved to /home/cansat-stu/cansat/Camera/img_20250218-174753.jpg.
2025-02-18 17:48:08 - Threshold processed image saved to /home/cansat-stu/cansat/Camera/threshold_img_20250218-174753.jpg.
2025-02-18 17:48:16 - Left: 0.00% red area
